year,month,wdsp,station
2005,1,15.5,Belmullet
2005,2,9.1,Belmullet
2005,3,11.7,Belmullet
2005,4,12.3,Belmullet
2005,5,11.7,Belmullet
2005,6,11.5,Belmullet
2005,7,9.2,Belmullet
2005,8,10.2,Belmullet
2005,9,12.9,Belmullet
2005,10,12.3,Belmullet
2005,11,11.7,Belmullet
2005,12,10.3,Belmullet
2006,1,13.2,Belmullet
2006,2,12.0,Belmullet
2006,3,10.9,Belmullet
2006,4,10.5,Belmullet
2006,5,11.7,Belmullet
2006,6,10.1,Belmullet
2006,7,10.0,Belmullet
2006,8,10.1,Belmullet
2006,9,10.7,Belmullet
2006,10,10.6,Belmullet
2006,11,13.5,Belmullet
2006,12,16.0,Belmullet
2007,1,17.3,Belmullet
2007,2,11.7,Belmullet
2007,3,13.7,Belmullet
2007,4,8.6,Belmullet
2007,5,10.9,Belmullet
2007,6,9.0,Belmullet
2007,7,9.0,Belmullet
2007,8,8.5,Belmullet
2007,9,7.8,Belmullet
2007,10,9.2,Belmullet
2007,11,11.7,Belmullet
2007,12,17.0,Belmullet
2008,1,15.2,Belmullet
2008,2,12.9,Belmullet
2008,3,13.6,Belmullet
2008,4,9.9,Belmullet
2008,5,8.3,Belmullet
2008,6,11.0,Belmullet
2008,7,10.2,Belmullet
2008,8,10.2,Belmullet
2008,9,11.1,Belmullet
2008,10,16.0,Belmullet
2008,11,12.9,Belmullet
2008,12,12.2,Belmullet
2009,1,14.6,Belmullet
2009,2,10.0,Belmullet
2009,3,13.0,Belmullet
2009,4,11.0,Belmullet
2009,5,12.4,Belmullet
2009,6,9.1,Belmullet
2009,7,11.3,Belmullet
2009,8,13.8,Belmullet
2009,9,11.2,Belmullet
2009,10,10.3,Belmullet
2009,11,13.7,Belmullet
2009,12,10.8,Belmullet
2010,1,10.8,Belmullet
2010,2,7.3,Belmullet
2010,3,9.4,Belmullet
2010,4,10.5,Belmullet
2010,5,9.3,Belmullet
2010,6,8.7,Belmullet
2010,7,12.1,Belmullet
2010,8,9.8,Belmullet
2010,9,11.3,Belmullet
2010,10,11.8,Belmullet
2010,11,10.9,Belmullet
2010,12,7.0,Belmullet
2011,1,9.2,Belmullet
2011,2,11.7,Belmullet
2011,3,10.4,Belmullet
2011,4,10.6,Belmullet
2011,5,16.1,Belmullet
2011,6,10.7,Belmullet
2011,7,8.8,Belmullet
2011,8,8.8,Belmullet
2011,9,15.2,Belmullet
2011,10,13.9,Belmullet
2011,11,13.8,Belmullet
2011,12,17.0,Belmullet
2012,1,14.2,Belmullet
2012,2,12.8,Belmullet
2012,3,11.8,Belmullet
2012,4,10.6,Belmullet
2012,5,10.1,Belmullet
2012,6,9.7,Belmullet
2012,7,9.9,Belmullet
2013,1,13.2,Belmullet
2013,2,11.3,Belmullet
2013,3,10.3,Belmullet
2013,4,12.6,Belmullet
2013,5,12.3,Belmullet
2013,6,10.0,Belmullet
2013,7,8.4,Belmullet
2013,8,11.0,Belmullet
2013,9,10.8,Belmullet
2013,10,11.3,Belmullet
2013,11,10.8,Belmullet
2013,12,18.9,Belmullet
2014,1,13.9,Belmullet
2014,2,15.3,Belmullet
2014,3,12.5,Belmullet
2014,4,10.3,Belmullet
2014,5,12.0,Belmullet
2014,6,8.3,Belmullet
2014,7,9.1,Belmullet
2014,8,10.2,Belmullet
2014,9,7.6,Belmullet
2014,10,14.1,Belmullet
2014,11,9.6,Belmullet
2014,12,14.6,Belmullet
2015,1,17.8,Belmullet
2015,2,12.7,Belmullet
2015,3,14.7,Belmullet
2015,4,10.0,Belmullet
2015,5,12.8,Belmullet
2015,6,12.1,Belmullet
2015,7,11.2,Belmullet
2015,8,12.1,Belmullet
2015,9,9.6,Belmullet
2015,10,9.5,Belmullet
2015,11,15.5,Belmullet
2015,12,17.8,Belmullet
2016,1,13.7,Belmullet
2016,2,13.3,Belmullet
2016,3,12.0,Belmullet
2016,4,11.1,Belmullet
2016,5,10.5,Belmullet
2016,6,9.7,Belmullet
2016,7,10.4,Belmullet
2016,8,12.2,Belmullet
2016,9,14.2,Belmullet
2016,10,9.2,Belmullet
2016,11,10.2,Belmullet
2016,12,15.2,Belmullet
2017,1,12.7,Belmullet
2017,2,13.4,Belmullet
2017,3,12.3,Belmullet
2017,4,10.4,Belmullet
2017,5,10.2,Belmullet
2017,6,13.1,Belmullet
2017,7,10.2,Belmullet
2017,8,10.6,Belmullet
2017,9,12.2,Belmullet
2017,10,14.0,Belmullet
2017,11,11.6,Belmullet
2017,12,12.7,Belmullet
2018,1,14.7,Belmullet
2018,2,13.0,Belmullet
2018,3,10.4,Belmullet
2018,4,12.3,Belmullet
2018,5,12.9,Belmullet
2018,6,8.9,Belmullet
2018,7,9.9,Belmullet
2018,8,10.6,Belmullet
2018,9,12.4,Belmullet
2018,10,13.7,Belmullet
2018,11,13.6,Belmullet
2018,12,13.0,Belmullet
2019,1,11.0,Belmullet
2019,2,15.8,Belmullet
2019,3,14.5,Belmullet
2019,4,11.8,Belmullet
2019,5,9.0,Belmullet
2019,6,11.5,Belmullet
2019,7,10.3,Belmullet
2019,8,11.8,Belmullet
2019,9,10.7,Belmullet
2019,10,12.4,Belmullet
2019,11,9.4,Belmullet
2019,12,14.2,Belmullet
2020,1,17.3,Belmullet
2020,2,17.9,Belmullet
2020,3,14.3,Belmullet
2020,4,9.7,Belmullet
2020,5,11.8,Belmullet
2020,6,11.3,Belmullet
2020,7,10.4,Belmullet
2020,8,10.2,Belmullet
2020,9,11.6,Belmullet
2020,10,12.9,Belmullet
2020,11,12.5,Belmullet
2020,12,13.4,Belmullet
2021,1,9.3,Belmullet
2021,2,15.4,Belmullet
2021,3,13.3,Belmullet
2021,4,9.9,Belmullet
2021,5,10.2,Belmullet
2021,6,11.4,Belmullet
2021,7,6.4,Belmullet
2021,8,8.8,Belmullet
2021,9,9.7,Belmullet
2021,10,12.1,Belmullet
2021,11,12.6,Belmullet
2021,12,12.4,Belmullet
2022,1,13.4,Belmullet
2022,2,17.6,Belmullet
2022,3,10.5,Belmullet
2022,4,10.3,Belmullet
2022,5,13.1,Belmullet
2022,6,12.0,Belmullet
2022,7,8.4,Belmullet
2022,8,10.2,Belmullet
2022,9,8.8,Belmullet
2022,10,13.0,Belmullet
2022,11,15.7,Belmullet
2022,12,10.3,Belmullet
2023,1,13.5,Belmullet
2023,2,14.0,Belmullet
2023,3,11.2,Belmullet
2023,4,11.1,Belmullet
2023,5,9.2,Belmullet
2023,6,9.3,Belmullet
2023,7,11.0,Belmullet
2023,8,11.0,Belmullet
2023,9,10.8,Belmullet
2023,10,10.3,Belmullet
2023,11,11.3,Belmullet
2023,12,14.3,Belmullet
2024,1,12.5,Belmullet
2024,2,12.8,Belmullet
2024,3,12.0,Belmullet
2024,4,11.9,Belmullet
2024,5,8.9,Belmullet
2024,6,11.0,Belmullet
2024,7,9.5,Belmullet
2024,8,14.3,Belmullet
2024,9,10.1,Belmullet
2024,10,13.1,Belmullet
2024,11,10.0,Belmullet
2024,12,14.2,Belmullet
2025,1,12.5,Belmullet
2025,2,14.7,Belmullet
2025,3,11.4,Belmullet
2025,4,9.4,Belmullet
2025,5,9.0,Belmullet
2025,6,11.7,Belmullet
2025,7,9.6,Belmullet
2025,8,10.9,Belmullet
2025,9,12.8,Belmullet
2025,10,12.5,Belmullet
2025,11,13.0,Belmullet
2005,1,15.0,Casement_Aerodrome
2005,2,9.3,Casement_Aerodrome
2005,3,9.2,Casement_Aerodrome
2005,4,9.9,Casement_Aerodrome
2005,5,9.7,Casement_Aerodrome
2005,6,8.2,Casement_Aerodrome
2005,7,7.3,Casement_Aerodrome
2005,8,8.3,Casement_Aerodrome
2005,9,10.2,Casement_Aerodrome
2005,10,10.2,Casement_Aerodrome
2005,11,9.7,Casement_Aerodrome
2005,12,8.5,Casement_Aerodrome
2006,1,9.4,Casement_Aerodrome
2006,2,9.3,Casement_Aerodrome
2006,3,11.3,Casement_Aerodrome
2006,4,9.8,Casement_Aerodrome
2006,5,9.6,Casement_Aerodrome
2006,6,7.4,Casement_Aerodrome
2006,7,7.5,Casement_Aerodrome
2006,8,8.4,Casement_Aerodrome
2006,9,9.3,Casement_Aerodrome
2006,10,9.3,Casement_Aerodrome
2006,11,12.6,Casement_Aerodrome
2006,12,13.0,Casement_Aerodrome
2007,1,15.1,Casement_Aerodrome
2007,2,9.2,Casement_Aerodrome
2007,3,11.3,Casement_Aerodrome
2007,4,7.1,Casement_Aerodrome
2007,5,9.7,Casement_Aerodrome
2007,6,6.7,Casement_Aerodrome
2007,7,8.4,Casement_Aerodrome
2007,8,7.5,Casement_Aerodrome
2007,9,8.1,Casement_Aerodrome
2007,10,7.0,Casement_Aerodrome
2007,11,9.5,Casement_Aerodrome
2007,12,11.8,Casement_Aerodrome
2008,1,14.3,Casement_Aerodrome
2008,2,11.8,Casement_Aerodrome
2008,3,13.0,Casement_Aerodrome
2008,4,10.1,Casement_Aerodrome
2008,5,8.1,Casement_Aerodrome
2008,6,9.1,Casement_Aerodrome
2008,7,9.1,Casement_Aerodrome
2008,8,9.4,Casement_Aerodrome
2008,9,8.1,Casement_Aerodrome
2008,10,12.1,Casement_Aerodrome
2008,11,10.7,Casement_Aerodrome
2008,12,9.3,Casement_Aerodrome
2009,1,12.0,Casement_Aerodrome
2009,2,8.8,Casement_Aerodrome
2009,3,11.3,Casement_Aerodrome
2009,4,8.6,Casement_Aerodrome
2009,5,11.3,Casement_Aerodrome
2009,6,7.4,Casement_Aerodrome
2009,7,9.0,Casement_Aerodrome
2009,8,11.2,Casement_Aerodrome
2009,9,9.0,Casement_Aerodrome
2009,10,8.4,Casement_Aerodrome
2009,11,13.6,Casement_Aerodrome
2009,12,9.7,Casement_Aerodrome
2010,1,8.5,Casement_Aerodrome
2010,2,6.5,Casement_Aerodrome
2010,3,8.0,Casement_Aerodrome
2010,4,7.6,Casement_Aerodrome
2010,5,6.2,Casement_Aerodrome
2010,6,6.4,Casement_Aerodrome
2010,7,10.0,Casement_Aerodrome
2010,8,8.5,Casement_Aerodrome
2010,9,8.9,Casement_Aerodrome
2010,10,10.0,Casement_Aerodrome
2010,11,9.6,Casement_Aerodrome
2010,12,6.2,Casement_Aerodrome
2011,1,8.8,Casement_Aerodrome
2011,2,11.1,Casement_Aerodrome
2011,3,7.4,Casement_Aerodrome
2011,4,8.5,Casement_Aerodrome
2011,5,13.5,Casement_Aerodrome
2011,6,8.6,Casement_Aerodrome
2011,7,6.4,Casement_Aerodrome
2011,8,7.6,Casement_Aerodrome
2011,9,12.6,Casement_Aerodrome
2011,10,12.7,Casement_Aerodrome
2011,11,11.5,Casement_Aerodrome
2011,12,15.6,Casement_Aerodrome
2012,1,13.4,Casement_Aerodrome
2012,2,10.1,Casement_Aerodrome
2012,3,8.5,Casement_Aerodrome
2012,4,9.1,Casement_Aerodrome
2012,5,7.0,Casement_Aerodrome
2012,6,8.1,Casement_Aerodrome
2012,7,8.0,Casement_Aerodrome
2012,8,8.6,Casement_Aerodrome
2012,9,10.4,Casement_Aerodrome
2012,10,8.2,Casement_Aerodrome
2012,11,10.6,Casement_Aerodrome
2012,12,11.2,Casement_Aerodrome
2013,1,10.3,Casement_Aerodrome
2013,2,8.7,Casement_Aerodrome
2013,3,9.6,Casement_Aerodrome
2013,4,11.7,Casement_Aerodrome
2013,5,10.4,Casement_Aerodrome
2013,6,8.5,Casement_Aerodrome
2013,7,6.6,Casement_Aerodrome
2013,8,9.0,Casement_Aerodrome
2013,9,8.3,Casement_Aerodrome
2013,10,9.6,Casement_Aerodrome
2013,11,8.8,Casement_Aerodrome
2013,12,15.3,Casement_Aerodrome
2014,1,12.9,Casement_Aerodrome
2014,2,15.9,Casement_Aerodrome
2014,3,11.0,Casement_Aerodrome
2014,4,8.6,Casement_Aerodrome
2014,5,8.7,Casement_Aerodrome
2014,6,5.9,Casement_Aerodrome
2014,7,7.7,Casement_Aerodrome
2014,8,9.9,Casement_Aerodrome
2014,9,5.7,Casement_Aerodrome
2014,10,11.1,Casement_Aerodrome
2014,11,8.0,Casement_Aerodrome
2014,12,12.8,Casement_Aerodrome
2015,1,14.2,Casement_Aerodrome
2015,2,9.8,Casement_Aerodrome
2015,3,11.7,Casement_Aerodrome
2015,4,8.1,Casement_Aerodrome
2015,5,11.4,Casement_Aerodrome
2015,6,9.5,Casement_Aerodrome
2015,7,9.4,Casement_Aerodrome
2015,8,8.2,Casement_Aerodrome
2015,9,6.8,Casement_Aerodrome
2015,10,7.0,Casement_Aerodrome
2015,11,13.0,Casement_Aerodrome
2015,12,15.8,Casement_Aerodrome
2016,1,12.2,Casement_Aerodrome
2016,2,11.9,Casement_Aerodrome
2016,3,9.3,Casement_Aerodrome
2016,4,8.7,Casement_Aerodrome
2016,5,7.7,Casement_Aerodrome
2016,6,6.8,Casement_Aerodrome
2016,7,9.4,Casement_Aerodrome
2016,8,9.4,Casement_Aerodrome
2016,9,10.2,Casement_Aerodrome
2016,10,7.2,Casement_Aerodrome
2016,11,8.5,Casement_Aerodrome
2016,12,9.6,Casement_Aerodrome
2017,1,9.1,Casement_Aerodrome
2017,2,12.3,Casement_Aerodrome
2017,3,10.9,Casement_Aerodrome
2017,4,8.1,Casement_Aerodrome
2017,5,8.3,Casement_Aerodrome
2017,6,9.8,Casement_Aerodrome
2017,7,8.7,Casement_Aerodrome
2017,8,9.0,Casement_Aerodrome
2017,9,9.4,Casement_Aerodrome
2017,10,12.2,Casement_Aerodrome
2017,11,9.8,Casement_Aerodrome
2017,12,11.4,Casement_Aerodrome
2018,1,13.4,Casement_Aerodrome
2018,2,10.6,Casement_Aerodrome
2018,3,10.1,Casement_Aerodrome
2018,4,9.8,Casement_Aerodrome
2018,5,7.9,Casement_Aerodrome
2018,6,7.3,Casement_Aerodrome
2018,7,6.8,Casement_Aerodrome
2018,8,9.3,Casement_Aerodrome
2018,9,10.0,Casement_Aerodrome
2018,10,9.4,Casement_Aerodrome
2018,11,10.7,Casement_Aerodrome
2018,12,11.3,Casement_Aerodrome
2019,1,9.4,Casement_Aerodrome
2019,2,12.0,Casement_Aerodrome
2019,3,12.5,Casement_Aerodrome
2019,4,8.3,Casement_Aerodrome
2019,5,7.1,Casement_Aerodrome
2019,6,8.3,Casement_Aerodrome
2019,7,7.6,Casement_Aerodrome
2019,8,10.5,Casement_Aerodrome
2019,9,9.3,Casement_Aerodrome
2019,10,9.1,Casement_Aerodrome
2019,11,7.5,Casement_Aerodrome
2019,12,12.4,Casement_Aerodrome
2020,1,13.0,Casement_Aerodrome
2020,2,16.3,Casement_Aerodrome
2020,3,11.5,Casement_Aerodrome
2020,4,7.7,Casement_Aerodrome
2020,5,8.5,Casement_Aerodrome
2020,6,8.7,Casement_Aerodrome
2020,7,9.3,Casement_Aerodrome
2020,8,8.4,Casement_Aerodrome
2020,9,9.3,Casement_Aerodrome
2020,10,11.1,Casement_Aerodrome
2020,11,11.7,Casement_Aerodrome
2020,12,10.9,Casement_Aerodrome
2021,1,9.3,Casement_Aerodrome
2021,2,13.4,Casement_Aerodrome
2021,3,10.9,Casement_Aerodrome
2021,4,6.9,Casement_Aerodrome
2021,5,8.2,Casement_Aerodrome
2021,6,7.8,Casement_Aerodrome
2021,7,6.1,Casement_Aerodrome
2021,8,7.7,Casement_Aerodrome
2021,9,7.5,Casement_Aerodrome
2021,10,10.6,Casement_Aerodrome
2021,11,9.8,Casement_Aerodrome
2021,12,10.6,Casement_Aerodrome
2022,1,10.2,Casement_Aerodrome
2022,2,16.1,Casement_Aerodrome
2022,3,8.3,Casement_Aerodrome
2022,4,8.9,Casement_Aerodrome
2022,5,9.9,Casement_Aerodrome
2022,6,9.1,Casement_Aerodrome
2022,7,7.9,Casement_Aerodrome
2022,8,7.5,Casement_Aerodrome
2022,9,7.2,Casement_Aerodrome
2022,10,12.0,Casement_Aerodrome
2022,11,12.4,Casement_Aerodrome
2022,12,9.2,Casement_Aerodrome
2023,1,12.1,Casement_Aerodrome
2023,2,10.5,Casement_Aerodrome
2023,3,10.1,Casement_Aerodrome
2023,4,7.8,Casement_Aerodrome
2023,5,6.7,Casement_Aerodrome
2023,6,7.7,Casement_Aerodrome
2023,7,10.5,Casement_Aerodrome
2023,8,9.1,Casement_Aerodrome
2023,9,8.9,Casement_Aerodrome
2023,10,8.3,Casement_Aerodrome
2023,11,10.3,Casement_Aerodrome
2023,12,14.0,Casement_Aerodrome
2024,1,11.6,Casement_Aerodrome
2024,2,11.5,Casement_Aerodrome
2024,3,10.4,Casement_Aerodrome
2024,4,10.4,Casement_Aerodrome
2024,5,7.0,Casement_Aerodrome
2024,6,9.0,Casement_Aerodrome
2024,7,8.1,Casement_Aerodrome
2024,8,11.8,Casement_Aerodrome
2024,9,8.4,Casement_Aerodrome
2024,10,9.3,Casement_Aerodrome
2024,11,7.8,Casement_Aerodrome
2024,12,11.8,Casement_Aerodrome
2025,1,9.4,Casement_Aerodrome
2025,2,11.8,Casement_Aerodrome
2025,3,8.4,Casement_Aerodrome
2025,4,7.5,Casement_Aerodrome
2025,5,7.5,Casement_Aerodrome
2025,6,10.2,Casement_Aerodrome
2025,7,10.6,Casement_Aerodrome
2025,8,9.3,Casement_Aerodrome
2025,9,9.5,Casement_Aerodrome
2025,10,10.6,Casement_Aerodrome
2025,11,10.5,Casement_Aerodrome
2005,2,7.9,Claremorris
2005,4,9.0,Claremorris
2005,5,8.7,Claremorris
2005,6,8.1,Claremorris
2005,7,7.3,Claremorris
2005,8,7.1,Claremorris
2005,9,8.7,Claremorris
2005,10,8.8,Claremorris
2005,11,8.1,Claremorris
2005,12,7.5,Claremorris
2006,1,8.4,Claremorris
2006,2,7.9,Claremorris
2006,3,9.1,Claremorris
2006,4,8.8,Claremorris
2006,5,8.8,Claremorris
2006,6,7.1,Claremorris
2006,7,7.1,Claremorris
2006,8,7.6,Claremorris
2006,9,7.9,Claremorris
2006,10,8.3,Claremorris
2006,11,9.0,Claremorris
2006,12,10.1,Claremorris
2007,1,11.1,Claremorris
2007,2,8.2,Claremorris
2007,3,9.3,Claremorris
2007,4,6.7,Claremorris
2007,5,8.1,Claremorris
2007,6,7.0,Claremorris
2007,7,6.9,Claremorris
2007,8,6.8,Claremorris
2007,9,6.4,Claremorris
2007,10,6.5,Claremorris
2007,11,7.4,Claremorris
2007,12,10.1,Claremorris
2008,1,10.0,Claremorris
2008,2,9.0,Claremorris
2008,3,9.5,Claremorris
2008,4,8.4,Claremorris
2008,5,7.6,Claremorris
2008,6,7.8,Claremorris
2008,7,7.8,Claremorris
2008,8,7.6,Claremorris
2008,9,7.4,Claremorris
2008,10,8.9,Claremorris
2008,11,8.0,Claremorris
2008,12,7.5,Claremorris
2009,1,8.8,Claremorris
2009,2,7.2,Claremorris
2009,3,9.2,Claremorris
2009,4,8.1,Claremorris
2009,5,9.3,Claremorris
2009,6,7.1,Claremorris
2009,7,7.3,Claremorris
2009,8,8.7,Claremorris
2009,9,7.3,Claremorris
2009,10,7.3,Claremorris
2009,11,9.5,Claremorris
2009,12,7.4,Claremorris
2010,1,6.8,Claremorris
2010,2,6.0,Claremorris
2010,3,7.4,Claremorris
2010,4,7.1,Claremorris
2010,5,7.2,Claremorris
2010,6,7.1,Claremorris
2010,7,8.4,Claremorris
2010,8,7.0,Claremorris
2010,9,7.3,Claremorris
2010,10,7.5,Claremorris
2010,11,7.7,Claremorris
2010,12,4.8,Claremorris
2011,1,6.5,Claremorris
2011,2,8.5,Claremorris
2011,3,6.8,Claremorris
2011,4,7.8,Claremorris
2011,5,11.5,Claremorris
2011,6,7.5,Claremorris
2012,1,10.2,Claremorris
2012,2,8.5,Claremorris
2012,3,7.9,Claremorris
2012,4,8.2,Claremorris
2012,5,7.6,Claremorris
2012,6,7.4,Claremorris
2012,7,6.8,Claremorris
2012,8,7.7,Claremorris
2012,9,7.9,Claremorris
2012,10,6.7,Claremorris
2012,11,7.6,Claremorris
2012,12,8.4,Claremorris
2013,1,8.2,Claremorris
2013,2,8.0,Claremorris
2013,3,9.5,Claremorris
2013,4,10.3,Claremorris
2013,5,9.6,Claremorris
2013,6,7.0,Claremorris
2013,7,5.8,Claremorris
2013,8,7.4,Claremorris
2013,9,7.7,Claremorris
2013,10,7.9,Claremorris
2013,11,6.4,Claremorris
2013,12,10.9,Claremorris
2014,1,9.3,Claremorris
2014,2,11.1,Claremorris
2014,3,8.9,Claremorris
2014,4,8.1,Claremorris
2014,5,7.9,Claremorris
2014,6,6.5,Claremorris
2014,7,6.6,Claremorris
2014,8,7.9,Claremorris
2014,9,5.5,Claremorris
2014,10,8.8,Claremorris
2014,11,6.9,Claremorris
2014,12,9.0,Claremorris
2015,1,10.7,Claremorris
2015,2,7.9,Claremorris
2015,3,9.7,Claremorris
2015,4,7.4,Claremorris
2015,5,9.5,Claremorris
2015,6,8.2,Claremorris
2015,7,7.9,Claremorris
2015,8,7.4,Claremorris
2015,9,6.6,Claremorris
2015,10,6.5,Claremorris
2015,11,10.0,Claremorris
2015,12,11.5,Claremorris
2016,1,9.3,Claremorris
2016,2,9.2,Claremorris
2016,3,8.1,Claremorris
2016,4,8.3,Claremorris
2016,5,7.6,Claremorris
2016,6,6.8,Claremorris
2016,7,7.1,Claremorris
2016,8,8.1,Claremorris
2016,9,8.1,Claremorris
2016,10,6.7,Claremorris
2016,11,6.3,Claremorris
2016,12,8.2,Claremorris
2017,1,7.7,Claremorris
2017,2,10.1,Claremorris
2017,3,8.8,Claremorris
2017,4,7.2,Claremorris
2017,5,7.4,Claremorris
2017,6,8.8,Claremorris
2017,7,7.3,Claremorris
2017,8,7.2,Claremorris
2017,9,7.7,Claremorris
2017,10,9.2,Claremorris
2017,11,6.6,Claremorris
2017,12,7.8,Claremorris
2018,1,9.9,Claremorris
2018,2,8.1,Claremorris
2018,3,8.9,Claremorris
2018,4,8.8,Claremorris
2018,5,7.8,Claremorris
2018,6,6.2,Claremorris
2018,7,6.5,Claremorris
2018,8,7.2,Claremorris
2018,9,7.3,Claremorris
2018,10,8.2,Claremorris
2018,11,9.2,Claremorris
2018,12,8.3,Claremorris
2019,1,6.9,Claremorris
2019,2,9.8,Claremorris
2019,3,9.7,Claremorris
2019,4,8.7,Claremorris
2019,5,7.0,Claremorris
2019,6,7.8,Claremorris
2019,7,6.9,Claremorris
2019,8,7.8,Claremorris
2019,9,7.2,Claremorris
2019,10,7.9,Claremorris
2019,11,7.2,Claremorris
2019,12,8.9,Claremorris
2020,1,9.0,Claremorris
2020,2,12.1,Claremorris
2020,3,9.2,Claremorris
2020,4,7.2,Claremorris
2020,5,8.1,Claremorris
2020,6,8.1,Claremorris
2020,7,7.6,Claremorris
2020,8,6.7,Claremorris
2020,9,7.4,Claremorris
2020,10,8.5,Claremorris
2020,11,8.0,Claremorris
2020,12,8.1,Claremorris
2021,1,6.6,Claremorris
2021,2,10.5,Claremorris
2021,3,8.9,Claremorris
2021,4,7.1,Claremorris
2021,5,7.4,Claremorris
2021,6,7.2,Claremorris
2021,7,5.1,Claremorris
2021,8,6.3,Claremorris
2021,9,5.9,Claremorris
2021,10,7.3,Claremorris
2021,11,7.4,Claremorris
2021,12,8.6,Claremorris
2022,1,7.6,Claremorris
2022,2,11.6,Claremorris
2022,3,7.4,Claremorris
2022,4,7.9,Claremorris
2022,5,8.4,Claremorris
2022,6,8.1,Claremorris
2022,7,6.4,Claremorris
2022,8,6.2,Claremorris
2022,9,6.5,Claremorris
2022,10,8.7,Claremorris
2022,11,8.5,Claremorris
2022,12,6.7,Claremorris
2023,1,8.0,Claremorris
2023,2,8.4,Claremorris
2023,3,8.0,Claremorris
2023,4,7.9,Claremorris
2023,5,6.6,Claremorris
2023,6,6.6,Claremorris
2023,7,7.7,Claremorris
2023,8,7.5,Claremorris
2023,9,6.8,Claremorris
2023,10,7.1,Claremorris
2023,11,7.3,Claremorris
2023,12,10.0,Claremorris
2024,1,8.0,Claremorris
2024,2,8.3,Claremorris
2024,3,8.9,Claremorris
2024,4,8.6,Claremorris
2024,5,6.3,Claremorris
2024,6,7.7,Claremorris
2024,7,6.5,Claremorris
2024,8,8.5,Claremorris
2024,9,6.8,Claremorris
2024,10,7.7,Claremorris
2024,11,6.5,Claremorris
2024,12,8.7,Claremorris
2025,1,7.4,Claremorris
2025,2,9.9,Claremorris
2025,3,7.8,Claremorris
2025,4,7.2,Claremorris
2025,5,6.5,Claremorris
2025,6,7.7,Claremorris
2025,7,6.8,Claremorris
2025,8,7.2,Claremorris
2025,9,7.7,Claremorris
2025,10,8.4,Claremorris
2025,11,7.8,Claremorris
2005,1,15.8,Dublin_Airport
2005,2,11.5,Dublin_Airport
2005,3,10.5,Dublin_Airport
2005,4,11.1,Dublin_Airport
2005,5,10.8,Dublin_Airport
2005,6,9.3,Dublin_Airport
2005,7,8.8,Dublin_Airport
2005,8,9.5,Dublin_Airport
2005,9,10.8,Dublin_Airport
2005,10,10.6,Dublin_Airport
2005,11,11.0,Dublin_Airport
2005,12,9.8,Dublin_Airport
2006,1,10.0,Dublin_Airport
2006,2,10.6,Dublin_Airport
2006,3,12.6,Dublin_Airport
2006,4,10.9,Dublin_Airport
2006,5,10.8,Dublin_Airport
2006,6,8.7,Dublin_Airport
2006,7,8.4,Dublin_Airport
2006,8,10.2,Dublin_Airport
2006,9,10.4,Dublin_Airport
2006,10,10.6,Dublin_Airport
2006,11,12.4,Dublin_Airport
2006,12,13.1,Dublin_Airport
2007,1,16.2,Dublin_Airport
2007,2,10.3,Dublin_Airport
2007,3,12.3,Dublin_Airport
2007,4,8.8,Dublin_Airport
2007,5,11.3,Dublin_Airport
2007,6,9.2,Dublin_Airport
2007,7,10.1,Dublin_Airport
2007,8,9.7,Dublin_Airport
2007,9,10.3,Dublin_Airport
2007,10,8.2,Dublin_Airport
2007,11,11.6,Dublin_Airport
2007,12,12.8,Dublin_Airport
2008,1,14.6,Dublin_Airport
2008,2,12.2,Dublin_Airport
2008,3,15.0,Dublin_Airport
2008,4,11.6,Dublin_Airport
2008,5,9.6,Dublin_Airport
2008,6,9.9,Dublin_Airport
2008,7,10.7,Dublin_Airport
2008,8,10.3,Dublin_Airport
2008,9,9.5,Dublin_Airport
2008,10,12.6,Dublin_Airport
2008,11,12.4,Dublin_Airport
2008,12,10.1,Dublin_Airport
2009,1,11.9,Dublin_Airport
2009,2,10.3,Dublin_Airport
2009,3,12.6,Dublin_Airport
2009,4,9.6,Dublin_Airport
2009,5,12.1,Dublin_Airport
2009,6,8.9,Dublin_Airport
2009,7,9.9,Dublin_Airport
2009,8,11.1,Dublin_Airport
2009,9,10.1,Dublin_Airport
2009,10,10.2,Dublin_Airport
2009,11,14.3,Dublin_Airport
2009,12,11.3,Dublin_Airport
2010,1,11.0,Dublin_Airport
2010,2,8.4,Dublin_Airport
2010,3,9.3,Dublin_Airport
2010,4,8.4,Dublin_Airport
2010,5,8.2,Dublin_Airport
2010,6,7.8,Dublin_Airport
2010,7,10.6,Dublin_Airport
2010,8,9.1,Dublin_Airport
2010,9,9.6,Dublin_Airport
2010,10,10.2,Dublin_Airport
2010,11,11.3,Dublin_Airport
2010,12,8.4,Dublin_Airport
2011,1,9.8,Dublin_Airport
2011,2,11.6,Dublin_Airport
2011,3,8.4,Dublin_Airport
2011,4,8.9,Dublin_Airport
2011,5,14.9,Dublin_Airport
2011,6,9.5,Dublin_Airport
2011,7,8.6,Dublin_Airport
2011,8,8.9,Dublin_Airport
2011,9,12.9,Dublin_Airport
2011,10,12.8,Dublin_Airport
2011,11,11.8,Dublin_Airport
2011,12,16.3,Dublin_Airport
2012,1,14.5,Dublin_Airport
2012,2,11.1,Dublin_Airport
2012,3,9.3,Dublin_Airport
2012,4,11.6,Dublin_Airport
2012,5,8.9,Dublin_Airport
2012,6,9.9,Dublin_Airport
2012,7,9.2,Dublin_Airport
2012,8,9.7,Dublin_Airport
2012,9,11.7,Dublin_Airport
2012,10,9.8,Dublin_Airport
2012,11,11.0,Dublin_Airport
2012,12,12.2,Dublin_Airport
2013,1,11.5,Dublin_Airport
2013,2,10.9,Dublin_Airport
2013,3,11.7,Dublin_Airport
2013,4,12.8,Dublin_Airport
2013,5,11.8,Dublin_Airport
2013,6,9.4,Dublin_Airport
2013,7,7.2,Dublin_Airport
2013,8,9.6,Dublin_Airport
2013,9,10.2,Dublin_Airport
2013,10,11.0,Dublin_Airport
2013,11,10.5,Dublin_Airport
2013,12,14.6,Dublin_Airport
2014,1,12.7,Dublin_Airport
2014,2,15.9,Dublin_Airport
2014,3,12.1,Dublin_Airport
2014,4,9.8,Dublin_Airport
2014,5,9.9,Dublin_Airport
2014,6,7.6,Dublin_Airport
2014,7,8.7,Dublin_Airport
2014,8,11.4,Dublin_Airport
2014,9,6.5,Dublin_Airport
2014,10,11.5,Dublin_Airport
2014,11,9.1,Dublin_Airport
2014,12,13.9,Dublin_Airport
2015,1,15.1,Dublin_Airport
2015,2,10.8,Dublin_Airport
2015,3,12.9,Dublin_Airport
2015,4,9.4,Dublin_Airport
2015,5,12.6,Dublin_Airport
2015,6,10.5,Dublin_Airport
2015,7,10.5,Dublin_Airport
2015,8,9.2,Dublin_Airport
2015,9,9.0,Dublin_Airport
2015,10,8.6,Dublin_Airport
2015,11,13.6,Dublin_Airport
2015,12,14.9,Dublin_Airport
2016,1,13.2,Dublin_Airport
2016,2,13.2,Dublin_Airport
2016,3,10.6,Dublin_Airport
2016,4,10.6,Dublin_Airport
2016,5,9.5,Dublin_Airport
2016,6,7.7,Dublin_Airport
2016,7,10.3,Dublin_Airport
2016,8,10.8,Dublin_Airport
2016,9,10.3,Dublin_Airport
2016,10,9.4,Dublin_Airport
2016,11,10.6,Dublin_Airport
2016,12,9.8,Dublin_Airport
2017,1,10.3,Dublin_Airport
2017,2,13.4,Dublin_Airport
2017,3,11.7,Dublin_Airport
2017,4,9.5,Dublin_Airport
2017,5,9.6,Dublin_Airport
2017,6,11.0,Dublin_Airport
2017,7,9.8,Dublin_Airport
2017,8,10.0,Dublin_Airport
2017,9,10.9,Dublin_Airport
2017,10,12.2,Dublin_Airport
2017,11,10.8,Dublin_Airport
2017,12,12.4,Dublin_Airport
2018,1,14.8,Dublin_Airport
2018,2,11.9,Dublin_Airport
2018,3,12.2,Dublin_Airport
2018,4,10.8,Dublin_Airport
2018,5,8.8,Dublin_Airport
2018,6,8.7,Dublin_Airport
2018,7,6.9,Dublin_Airport
2018,8,8.1,Dublin_Airport
2018,9,9.0,Dublin_Airport
2018,10,9.2,Dublin_Airport
2018,11,10.1,Dublin_Airport
2018,12,9.5,Dublin_Airport
2019,1,9.3,Dublin_Airport
2019,2,10.2,Dublin_Airport
2019,3,11.3,Dublin_Airport
2019,4,9.3,Dublin_Airport
2019,5,7.8,Dublin_Airport
2019,6,8.2,Dublin_Airport
2019,7,8.0,Dublin_Airport
2019,8,8.8,Dublin_Airport
2019,9,8.8,Dublin_Airport
2019,10,8.8,Dublin_Airport
2019,11,9.4,Dublin_Airport
2019,12,9.2,Dublin_Airport
2020,1,9.7,Dublin_Airport
2020,2,13.1,Dublin_Airport
2020,3,10.3,Dublin_Airport
2020,4,8.4,Dublin_Airport
2020,5,8.6,Dublin_Airport
2020,6,9.2,Dublin_Airport
2020,7,8.9,Dublin_Airport
2020,8,8.5,Dublin_Airport
2020,9,8.5,Dublin_Airport
2020,10,10.4,Dublin_Airport
2020,11,9.6,Dublin_Airport
2020,12,10.5,Dublin_Airport
2021,1,9.4,Dublin_Airport
2021,2,11.8,Dublin_Airport
2021,3,9.7,Dublin_Airport
2021,4,7.8,Dublin_Airport
2021,5,8.6,Dublin_Airport
2021,6,7.8,Dublin_Airport
2021,7,6.6,Dublin_Airport
2021,8,7.5,Dublin_Airport
2021,9,7.0,Dublin_Airport
2021,10,8.4,Dublin_Airport
2021,11,9.5,Dublin_Airport
2021,12,9.6,Dublin_Airport
2022,1,8.5,Dublin_Airport
2022,2,12.9,Dublin_Airport
2022,3,8.8,Dublin_Airport
2022,4,9.3,Dublin_Airport
2022,5,8.8,Dublin_Airport
2022,6,8.3,Dublin_Airport
2022,7,8.1,Dublin_Airport
2022,8,7.3,Dublin_Airport
2022,9,8.7,Dublin_Airport
2022,10,9.6,Dublin_Airport
2022,11,9.9,Dublin_Airport
2022,12,8.6,Dublin_Airport
2023,1,10.0,Dublin_Airport
2023,2,9.3,Dublin_Airport
2023,3,9.8,Dublin_Airport
2023,4,8.7,Dublin_Airport
2023,5,7.4,Dublin_Airport
2023,6,7.5,Dublin_Airport
2023,7,8.9,Dublin_Airport
2023,8,9.1,Dublin_Airport
2023,9,8.0,Dublin_Airport
2023,10,7.8,Dublin_Airport
2023,11,9.3,Dublin_Airport
2023,12,12.1,Dublin_Airport
2024,1,10.4,Dublin_Airport
2024,2,9.1,Dublin_Airport
2024,3,10.4,Dublin_Airport
2024,4,10.3,Dublin_Airport
2024,5,7.8,Dublin_Airport
2024,6,8.8,Dublin_Airport
2024,7,7.8,Dublin_Airport
2024,8,9.0,Dublin_Airport
2024,9,9.4,Dublin_Airport
2024,10,8.8,Dublin_Airport
2024,11,8.1,Dublin_Airport
2024,12,10.8,Dublin_Airport
2025,1,8.3,Dublin_Airport
2025,2,10.8,Dublin_Airport
2025,3,8.4,Dublin_Airport
2025,4,7.9,Dublin_Airport
2025,5,7.5,Dublin_Airport
2025,6,8.5,Dublin_Airport
2025,7,8.3,Dublin_Airport
2025,8,8.4,Dublin_Airport
2025,9,8.2,Dublin_Airport
2025,10,9.6,Dublin_Airport
2025,11,9.6,Dublin_Airport
2005,1,20.7,Malin_Head
2005,2,15.8,Malin_Head
2005,3,14.1,Malin_Head
2005,4,14.4,Malin_Head
2005,5,11.0,Malin_Head
2005,6,8.5,Malin_Head
2005,7,8.6,Malin_Head
2005,8,9.9,Malin_Head
2005,9,13.0,Malin_Head
2005,10,13.2,Malin_Head
2005,11,15.8,Malin_Head
2005,12,13.7,Malin_Head
2006,1,15.7,Malin_Head
2006,2,16.6,Malin_Head
2006,3,16.1,Malin_Head
2006,4,14.9,Malin_Head
2006,5,16.3,Malin_Head
2006,6,11.6,Malin_Head
2006,7,10.5,Malin_Head
2006,8,13.3,Malin_Head
2006,9,13.0,Malin_Head
2006,10,15.2,Malin_Head
2006,11,19.3,Malin_Head
2006,12,17.5,Malin_Head
2007,1,21.5,Malin_Head
2007,2,15.8,Malin_Head
2007,3,17.9,Malin_Head
2007,4,11.4,Malin_Head
2007,5,13.8,Malin_Head
2007,6,11.8,Malin_Head
2007,7,10.2,Malin_Head
2007,8,12.7,Malin_Head
2007,9,13.5,Malin_Head
2007,10,13.0,Malin_Head
2007,11,17.2,Malin_Head
2007,12,16.5,Malin_Head
2008,1,18.4,Malin_Head
2008,2,18.7,Malin_Head
2008,3,20.4,Malin_Head
2008,4,17.3,Malin_Head
2008,5,13.1,Malin_Head
2008,6,14.5,Malin_Head
2008,7,14.2,Malin_Head
2008,8,12.8,Malin_Head
2008,9,12.3,Malin_Head
2008,10,19.2,Malin_Head
2008,11,17.4,Malin_Head
2008,12,15.6,Malin_Head
2009,1,16.5,Malin_Head
2009,2,14.4,Malin_Head
2009,3,16.0,Malin_Head
2009,4,12.1,Malin_Head
2009,5,14.8,Malin_Head
2009,6,10.7,Malin_Head
2009,7,10.8,Malin_Head
2009,8,12.3,Malin_Head
2009,9,12.8,Malin_Head
2009,10,12.1,Malin_Head
2009,11,15.5,Malin_Head
2009,12,13.0,Malin_Head
2010,1,12.8,Malin_Head
2010,2,11.4,Malin_Head
2010,3,13.5,Malin_Head
2010,4,10.7,Malin_Head
2010,5,9.7,Malin_Head
2010,6,8.1,Malin_Head
2010,7,14.3,Malin_Head
2010,8,12.7,Malin_Head
2010,9,15.2,Malin_Head
2010,10,15.5,Malin_Head
2010,11,18.2,Malin_Head
2010,12,13.1,Malin_Head
2011,1,13.7,Malin_Head
2011,2,15.3,Malin_Head
2011,3,12.2,Malin_Head
2011,4,12.5,Malin_Head
2011,5,19.4,Malin_Head
2011,6,11.2,Malin_Head
2011,7,10.6,Malin_Head
2011,8,11.2,Malin_Head
2011,9,17.5,Malin_Head
2011,10,17.3,Malin_Head
2011,11,17.7,Malin_Head
2011,12,22.3,Malin_Head
2012,1,19.6,Malin_Head
2012,2,16.1,Malin_Head
2012,3,13.8,Malin_Head
2012,4,14.4,Malin_Head
2012,5,12.8,Malin_Head
2012,6,12.5,Malin_Head
2012,7,11.3,Malin_Head
2012,8,12.9,Malin_Head
2012,9,18.0,Malin_Head
2012,10,13.7,Malin_Head
2012,11,15.7,Malin_Head
2012,12,16.4,Malin_Head
2013,1,17.2,Malin_Head
2013,2,14.8,Malin_Head
2013,3,18.9,Malin_Head
2013,4,15.9,Malin_Head
2013,5,14.7,Malin_Head
2013,6,11.5,Malin_Head
2013,7,9.4,Malin_Head
2013,8,13.1,Malin_Head
2013,9,14.9,Malin_Head
2013,10,16.3,Malin_Head
2013,11,16.7,Malin_Head
2013,12,21.6,Malin_Head
2014,1,16.9,Malin_Head
2014,2,19.3,Malin_Head
2014,3,16.9,Malin_Head
2014,4,13.9,Malin_Head
2014,5,12.0,Malin_Head
2014,6,9.3,Malin_Head
2014,7,11.3,Malin_Head
2014,9,10.2,Malin_Head
2014,10,16.7,Malin_Head
2014,11,13.2,Malin_Head
2014,12,19.6,Malin_Head
2015,1,22.1,Malin_Head
2015,2,15.3,Malin_Head
2015,3,16.8,Malin_Head
2015,4,12.0,Malin_Head
2015,5,16.4,Malin_Head
2015,6,13.2,Malin_Head
2015,7,13.3,Malin_Head
2015,8,12.1,Malin_Head
2015,9,13.1,Malin_Head
2015,10,12.3,Malin_Head
2015,11,18.6,Malin_Head
2015,12,19.1,Malin_Head
2016,1,18.3,Malin_Head
2016,2,17.8,Malin_Head
2016,3,13.1,Malin_Head
2016,4,15.2,Malin_Head
2016,5,12.1,Malin_Head
2016,6,9.9,Malin_Head
2016,7,12.4,Malin_Head
2016,8,13.3,Malin_Head
2016,9,14.6,Malin_Head
2016,10,13.7,Malin_Head
2016,11,14.9,Malin_Head
2016,12,16.8,Malin_Head
2017,1,16.5,Malin_Head
2017,2,17.6,Malin_Head
2017,3,14.0,Malin_Head
2017,4,14.4,Malin_Head
2017,5,11.3,Malin_Head
2017,6,14.5,Malin_Head
2017,7,13.0,Malin_Head
2017,8,13.1,Malin_Head
2017,9,15.0,Malin_Head
2017,10,18.0,Malin_Head
2017,11,16.9,Malin_Head
2017,12,16.9,Malin_Head
2018,1,18.4,Malin_Head
2018,2,17.2,Malin_Head
2018,3,17.8,Malin_Head
2018,4,14.3,Malin_Head
2018,5,11.7,Malin_Head
2018,6,9.2,Malin_Head
2018,7,9.9,Malin_Head
2018,8,13.3,Malin_Head
2018,9,16.3,Malin_Head
2018,10,16.7,Malin_Head
2018,11,17.5,Malin_Head
2018,12,15.8,Malin_Head
2019,1,15.3,Malin_Head
2019,2,15.9,Malin_Head
2019,3,18.4,Malin_Head
2019,4,15.6,Malin_Head
2019,5,10.9,Malin_Head
2019,6,12.3,Malin_Head
2019,7,11.4,Malin_Head
2019,8,13.6,Malin_Head
2019,9,13.8,Malin_Head
2019,10,16.3,Malin_Head
2019,11,14.9,Malin_Head
2019,12,17.3,Malin_Head
2020,1,19.1,Malin_Head
2020,2,22.3,Malin_Head
2020,3,16.5,Malin_Head
2020,4,12.4,Malin_Head
2020,5,13.2,Malin_Head
2020,6,12.1,Malin_Head
2020,7,13.4,Malin_Head
2020,8,11.5,Malin_Head
2020,9,14.2,Malin_Head
2020,10,17.2,Malin_Head
2020,11,15.6,Malin_Head
2020,12,17.9,Malin_Head
2021,1,15.2,Malin_Head
2021,2,20.9,Malin_Head
2021,3,14.8,Malin_Head
2021,4,12.4,Malin_Head
2021,5,12.4,Malin_Head
2021,6,12.2,Malin_Head
2021,7,7.8,Malin_Head
2021,8,9.2,Malin_Head
2021,9,11.2,Malin_Head
2021,10,14.9,Malin_Head
2021,11,18.6,Malin_Head
2021,12,15.8,Malin_Head
2022,1,17.5,Malin_Head
2022,2,22.0,Malin_Head
2022,3,12.9,Malin_Head
2022,4,13.6,Malin_Head
2022,5,14.3,Malin_Head
2022,6,13.4,Malin_Head
2022,7,11.7,Malin_Head
2022,8,11.0,Malin_Head
2022,9,13.6,Malin_Head
2022,10,16.7,Malin_Head
2022,11,16.2,Malin_Head
2022,12,15.6,Malin_Head
2023,1,17.3,Malin_Head
2023,2,16.4,Malin_Head
2023,3,13.0,Malin_Head
2023,4,13.7,Malin_Head
2023,5,10.7,Malin_Head
2023,6,10.3,Malin_Head
2023,7,13.8,Malin_Head
2023,8,14.4,Malin_Head
2023,9,13.7,Malin_Head
2023,10,17.5,Malin_Head
2023,11,14.9,Malin_Head
2023,12,18.5,Malin_Head
2024,1,16.7,Malin_Head
2024,2,16.9,Malin_Head
2024,3,17.0,Malin_Head
2024,4,15.0,Malin_Head
2024,5,10.3,Malin_Head
2024,6,14.4,Malin_Head
2024,7,11.5,Malin_Head
2024,8,15.9,Malin_Head
2024,9,13.6,Malin_Head
2024,10,15.4,Malin_Head
2024,11,14.0,Malin_Head
2024,12,18.1,Malin_Head
2025,1,15.7,Malin_Head
2025,2,17.6,Malin_Head
2025,3,13.6,Malin_Head
2025,4,12.6,Malin_Head
2025,5,10.2,Malin_Head
2025,6,13.7,Malin_Head
2025,7,12.6,Malin_Head
2025,8,12.7,Malin_Head
2025,9,14.6,Malin_Head
2025,10,16.1,Malin_Head
2025,11,17.5,Malin_Head
2005,1,12.0,Mt_Dillon
2005,2,8.5,Mt_Dillon
2005,3,8.4,Mt_Dillon
2005,4,9.1,Mt_Dillon
2005,6,7.3,Mt_Dillon
2005,7,7.0,Mt_Dillon
2005,8,6.9,Mt_Dillon
2005,9,8.3,Mt_Dillon
2005,10,8.5,Mt_Dillon
2005,11,7.8,Mt_Dillon
2005,12,7.0,Mt_Dillon
2006,1,7.6,Mt_Dillon
2006,2,7.7,Mt_Dillon
2006,3,8.8,Mt_Dillon
2006,4,8.6,Mt_Dillon
2006,5,9.1,Mt_Dillon
2006,6,6.9,Mt_Dillon
2006,7,6.9,Mt_Dillon
2006,8,7.7,Mt_Dillon
2006,9,7.6,Mt_Dillon
2006,10,7.9,Mt_Dillon
2006,11,8.9,Mt_Dillon
2006,12,9.8,Mt_Dillon
2007,1,11.2,Mt_Dillon
2007,2,8.2,Mt_Dillon
2007,3,9.1,Mt_Dillon
2007,4,6.5,Mt_Dillon
2007,5,8.5,Mt_Dillon
2007,6,7.3,Mt_Dillon
2007,8,7.0,Mt_Dillon
2007,9,6.5,Mt_Dillon
2007,10,5.9,Mt_Dillon
2007,11,7.5,Mt_Dillon
2007,12,9.3,Mt_Dillon
2008,1,10.1,Mt_Dillon
2008,2,8.8,Mt_Dillon
2008,3,10.5,Mt_Dillon
2008,4,8.7,Mt_Dillon
2008,5,7.7,Mt_Dillon
2008,6,7.6,Mt_Dillon
2008,7,7.6,Mt_Dillon
2008,8,7.1,Mt_Dillon
2008,9,6.8,Mt_Dillon
2008,10,8.3,Mt_Dillon
2008,11,7.9,Mt_Dillon
2008,12,6.8,Mt_Dillon
2009,1,8.1,Mt_Dillon
2009,2,6.9,Mt_Dillon
2009,3,8.9,Mt_Dillon
2009,4,7.5,Mt_Dillon
2009,5,8.9,Mt_Dillon
2009,7,7.3,Mt_Dillon
2009,8,7.8,Mt_Dillon
2009,9,6.5,Mt_Dillon
2009,10,6.9,Mt_Dillon
2009,11,8.9,Mt_Dillon
2009,12,6.7,Mt_Dillon
2010,1,6.2,Mt_Dillon
2010,2,5.1,Mt_Dillon
2010,3,6.8,Mt_Dillon
2010,4,6.2,Mt_Dillon
2010,5,6.7,Mt_Dillon
2010,6,6.3,Mt_Dillon
2010,7,7.5,Mt_Dillon
2010,8,6.7,Mt_Dillon
2010,9,7.0,Mt_Dillon
2010,10,7.0,Mt_Dillon
2010,11,7.4,Mt_Dillon
2010,12,3.9,Mt_Dillon
2011,1,5.6,Mt_Dillon
2011,2,7.8,Mt_Dillon
2011,3,5.7,Mt_Dillon
2011,4,6.8,Mt_Dillon
2011,5,10.9,Mt_Dillon
2011,6,6.7,Mt_Dillon
2011,7,5.9,Mt_Dillon
2011,8,5.7,Mt_Dillon
2011,9,8.9,Mt_Dillon
2011,10,8.4,Mt_Dillon
2011,11,8.7,Mt_Dillon
2011,12,10.0,Mt_Dillon
2012,1,9.2,Mt_Dillon
2012,2,7.2,Mt_Dillon
2012,3,6.8,Mt_Dillon
2012,4,8.1,Mt_Dillon
2012,5,6.8,Mt_Dillon
2012,6,6.8,Mt_Dillon
2012,7,6.3,Mt_Dillon
2012,8,7.0,Mt_Dillon
2012,9,7.4,Mt_Dillon
2012,10,5.9,Mt_Dillon
2012,11,6.7,Mt_Dillon
2012,12,7.3,Mt_Dillon
2013,1,7.2,Mt_Dillon
2013,2,7.4,Mt_Dillon
2013,3,9.2,Mt_Dillon
2013,4,9.2,Mt_Dillon
2013,5,8.8,Mt_Dillon
2013,6,6.4,Mt_Dillon
2013,7,5.2,Mt_Dillon
2013,8,6.8,Mt_Dillon
2013,9,6.7,Mt_Dillon
2013,10,6.9,Mt_Dillon
2013,11,5.9,Mt_Dillon
2013,12,9.5,Mt_Dillon
2014,1,8.3,Mt_Dillon
2014,2,10.3,Mt_Dillon
2014,3,7.9,Mt_Dillon
2014,4,7.2,Mt_Dillon
2014,5,6.8,Mt_Dillon
2014,6,5.9,Mt_Dillon
2014,7,5.9,Mt_Dillon
2014,8,10.1,Mt_Dillon
2014,9,4.4,Mt_Dillon
2014,10,7.2,Mt_Dillon
2014,11,5.6,Mt_Dillon
2014,12,8.1,Mt_Dillon
2015,1,9.3,Mt_Dillon
2015,3,8.2,Mt_Dillon
2015,4,6.4,Mt_Dillon
2015,5,8.5,Mt_Dillon
2015,6,7.1,Mt_Dillon
2015,7,6.9,Mt_Dillon
2015,8,6.1,Mt_Dillon
2015,9,5.7,Mt_Dillon
2015,10,5.3,Mt_Dillon
2015,11,8.1,Mt_Dillon
2015,12,9.6,Mt_Dillon
2016,1,8.3,Mt_Dillon
2016,2,8.1,Mt_Dillon
2016,3,6.9,Mt_Dillon
2016,4,7.7,Mt_Dillon
2016,5,6.5,Mt_Dillon
2016,6,5.6,Mt_Dillon
2016,7,6.2,Mt_Dillon
2016,8,7.0,Mt_Dillon
2016,9,6.6,Mt_Dillon
2016,10,5.4,Mt_Dillon
2016,11,5.5,Mt_Dillon
2016,12,6.0,Mt_Dillon
2017,1,6.3,Mt_Dillon
2017,2,8.6,Mt_Dillon
2017,3,7.6,Mt_Dillon
2017,4,6.6,Mt_Dillon
2017,5,6.3,Mt_Dillon
2017,6,7.3,Mt_Dillon
2017,7,6.1,Mt_Dillon
2017,8,5.9,Mt_Dillon
2017,9,6.7,Mt_Dillon
2017,10,7.3,Mt_Dillon
2017,11,6.0,Mt_Dillon
2017,12,6.7,Mt_Dillon
2018,1,8.6,Mt_Dillon
2018,2,7.2,Mt_Dillon
2018,3,8.0,Mt_Dillon
2018,4,7.4,Mt_Dillon
2018,5,6.1,Mt_Dillon
2018,6,5.3,Mt_Dillon
2018,7,5.3,Mt_Dillon
2018,8,5.9,Mt_Dillon
2018,9,6.1,Mt_Dillon
2018,10,6.4,Mt_Dillon
2018,11,7.4,Mt_Dillon
2018,12,6.8,Mt_Dillon
2019,1,5.9,Mt_Dillon
2019,2,7.8,Mt_Dillon
2019,3,8.1,Mt_Dillon
2019,4,7.5,Mt_Dillon
2019,5,5.8,Mt_Dillon
2019,6,6.7,Mt_Dillon
2019,7,6.1,Mt_Dillon
2019,8,6.5,Mt_Dillon
2019,9,6.0,Mt_Dillon
2019,10,6.2,Mt_Dillon
2019,11,6.0,Mt_Dillon
2019,12,6.8,Mt_Dillon
2020,1,6.9,Mt_Dillon
2020,2,9.8,Mt_Dillon
2020,3,7.5,Mt_Dillon
2020,4,6.2,Mt_Dillon
2020,5,6.6,Mt_Dillon
2020,6,7.1,Mt_Dillon
2020,7,6.3,Mt_Dillon
2020,8,5.7,Mt_Dillon
2020,9,5.9,Mt_Dillon
2020,10,7.3,Mt_Dillon
2020,11,6.6,Mt_Dillon
2020,12,6.9,Mt_Dillon
2021,1,5.7,Mt_Dillon
2021,2,8.6,Mt_Dillon
2021,3,7.1,Mt_Dillon
2021,4,5.7,Mt_Dillon
2021,5,6.3,Mt_Dillon
2021,6,6.0,Mt_Dillon
2021,7,4.5,Mt_Dillon
2021,8,5.1,Mt_Dillon
2021,9,4.7,Mt_Dillon
2021,10,5.7,Mt_Dillon
2021,11,6.1,Mt_Dillon
2021,12,7.0,Mt_Dillon
2022,1,5.8,Mt_Dillon
2022,2,9.2,Mt_Dillon
2022,3,6.2,Mt_Dillon
2022,4,6.5,Mt_Dillon
2022,5,6.6,Mt_Dillon
2022,6,6.1,Mt_Dillon
2022,7,5.2,Mt_Dillon
2022,8,4.9,Mt_Dillon
2022,9,5.5,Mt_Dillon
2022,10,6.6,Mt_Dillon
2022,11,6.7,Mt_Dillon
2022,12,5.0,Mt_Dillon
2023,1,6.4,Mt_Dillon
2023,2,6.7,Mt_Dillon
2023,3,6.3,Mt_Dillon
2023,4,6.6,Mt_Dillon
2023,5,5.5,Mt_Dillon
2023,6,5.3,Mt_Dillon
2023,7,6.1,Mt_Dillon
2023,8,6.3,Mt_Dillon
2023,9,5.4,Mt_Dillon
2023,10,5.2,Mt_Dillon
2023,11,5.7,Mt_Dillon
2023,12,7.9,Mt_Dillon
2024,1,6.1,Mt_Dillon
2024,2,6.5,Mt_Dillon
2024,3,7.4,Mt_Dillon
2024,4,7.0,Mt_Dillon
2024,5,5.5,Mt_Dillon
2024,6,6.1,Mt_Dillon
2024,7,5.2,Mt_Dillon
2024,8,6.3,Mt_Dillon
2024,9,5.9,Mt_Dillon
2024,10,5.9,Mt_Dillon
2024,11,5.0,Mt_Dillon
2024,12,6.6,Mt_Dillon
2025,1,5.5,Mt_Dillon
2025,2,7.6,Mt_Dillon
2025,3,5.9,Mt_Dillon
2025,4,5.7,Mt_Dillon
2025,5,5.2,Mt_Dillon
2025,6,5.9,Mt_Dillon
2025,7,5.4,Mt_Dillon
2025,8,5.4,Mt_Dillon
2025,9,5.6,Mt_Dillon
2025,10,6.2,Mt_Dillon
2025,11,5.9,Mt_Dillon
2005,1,9.8,Mullingar
2005,2,6.8,Mullingar
2005,3,7.1,Mullingar
2005,4,7.6,Mullingar
2005,5,7.0,Mullingar
2005,6,5.8,Mullingar
2005,7,5.2,Mullingar
2005,8,5.3,Mullingar
2005,9,6.7,Mullingar
2005,10,7.4,Mullingar
2005,11,6.6,Mullingar
2005,12,6.0,Mullingar
2006,1,6.9,Mullingar
2006,2,6.4,Mullingar
2006,3,7.7,Mullingar
2006,4,6.8,Mullingar
2006,5,7.1,Mullingar
2006,6,5.7,Mullingar
2006,7,5.6,Mullingar
2006,8,5.6,Mullingar
2006,9,7.0,Mullingar
2006,10,6.4,Mullingar
2006,11,7.5,Mullingar
2006,12,8.4,Mullingar
2007,1,8.5,Mullingar
2007,2,6.5,Mullingar
2007,3,7.0,Mullingar
2007,4,5.2,Mullingar
2007,5,6.3,Mullingar
2007,6,5.6,Mullingar
2007,7,5.0,Mullingar
2007,8,5.0,Mullingar
2007,9,4.9,Mullingar
2007,10,4.9,Mullingar
2007,11,5.7,Mullingar
2007,12,7.8,Mullingar
2008,1,8.1,Mullingar
2008,2,7.3,Mullingar
2008,3,7.9,Mullingar
2008,4,6.6,Mullingar
2008,5,6.4,Mullingar
2008,6,5.6,Mullingar
2008,7,5.7,Mullingar
2008,8,5.7,Mullingar
2008,9,5.0,Mullingar
2008,10,6.5,Mullingar
2008,11,6.3,Mullingar
2008,12,5.5,Mullingar
2009,1,7.1,Mullingar
2009,2,4.6,Mullingar
2009,3,6.5,Mullingar
2009,4,6.2,Mullingar
2009,5,7.0,Mullingar
2009,6,5.0,Mullingar
2009,7,5.8,Mullingar
2009,8,6.6,Mullingar
2009,9,5.0,Mullingar
2009,10,5.6,Mullingar
2009,11,7.6,Mullingar
2009,12,5.6,Mullingar
2010,1,5.3,Mullingar
2010,2,4.1,Mullingar
2010,3,5.5,Mullingar
2010,4,5.5,Mullingar
2010,5,4.9,Mullingar
2010,6,4.8,Mullingar
2010,7,5.8,Mullingar
2010,8,5.1,Mullingar
2010,9,5.9,Mullingar
2010,10,5.9,Mullingar
2010,11,6.1,Mullingar
2010,12,3.6,Mullingar
2011,1,4.7,Mullingar
2011,2,6.8,Mullingar
2011,3,4.6,Mullingar
2011,4,5.8,Mullingar
2011,5,8.8,Mullingar
2011,6,5.3,Mullingar
2011,7,4.7,Mullingar
2011,8,4.6,Mullingar
2011,9,7.8,Mullingar
2011,10,7.6,Mullingar
2011,11,7.9,Mullingar
2011,12,8.1,Mullingar
2012,1,7.7,Mullingar
2012,2,6.4,Mullingar
2012,3,5.9,Mullingar
2012,4,6.3,Mullingar
2012,5,5.7,Mullingar
2012,6,5.7,Mullingar
2012,7,5.1,Mullingar
2012,8,6.4,Mullingar
2012,9,5.8,Mullingar
2012,10,5.1,Mullingar
2012,11,6.1,Mullingar
2012,12,6.4,Mullingar
2013,1,6.6,Mullingar
2013,2,6.0,Mullingar
2013,3,7.2,Mullingar
2013,4,7.7,Mullingar
2013,5,6.9,Mullingar
2013,6,5.4,Mullingar
2013,7,4.6,Mullingar
2013,8,5.3,Mullingar
2013,9,5.4,Mullingar
2013,10,5.9,Mullingar
2013,11,5.0,Mullingar
2013,12,8.9,Mullingar
2014,1,7.3,Mullingar
2014,2,9.3,Mullingar
2014,3,6.6,Mullingar
2014,4,6.3,Mullingar
2014,5,5.6,Mullingar
2014,6,4.6,Mullingar
2014,7,4.9,Mullingar
2014,8,5.7,Mullingar
2014,9,3.9,Mullingar
2014,10,6.5,Mullingar
2014,11,5.2,Mullingar
2014,12,6.8,Mullingar
2015,1,8.0,Mullingar
2015,2,6.1,Mullingar
2015,3,7.1,Mullingar
2015,4,5.5,Mullingar
2015,5,7.2,Mullingar
2015,6,6.1,Mullingar
2015,7,6.1,Mullingar
2015,8,5.4,Mullingar
2015,9,5.0,Mullingar
2015,10,5.2,Mullingar
2015,11,7.5,Mullingar
2015,12,9.3,Mullingar
2016,1,7.5,Mullingar
2016,2,7.1,Mullingar
2016,3,6.1,Mullingar
2016,4,6.3,Mullingar
2016,5,5.8,Mullingar
2016,6,4.6,Mullingar
2016,7,5.2,Mullingar
2016,8,5.8,Mullingar
2016,9,6.4,Mullingar
2016,10,5.2,Mullingar
2016,11,4.8,Mullingar
2016,12,5.8,Mullingar
2017,1,6.0,Mullingar
2017,2,7.8,Mullingar
2017,3,7.0,Mullingar
2017,4,5.4,Mullingar
2017,5,6.1,Mullingar
2017,6,6.1,Mullingar
2017,7,5.2,Mullingar
2017,8,5.2,Mullingar
2017,9,5.8,Mullingar
2017,10,6.7,Mullingar
2017,11,5.2,Mullingar
2017,12,6.0,Mullingar
2018,1,7.7,Mullingar
2018,2,6.5,Mullingar
2018,3,7.0,Mullingar
2018,4,7.0,Mullingar
2018,5,5.7,Mullingar
2018,6,4.8,Mullingar
2018,7,4.6,Mullingar
2018,8,5.1,Mullingar
2018,9,5.5,Mullingar
2018,10,5.8,Mullingar
2018,11,7.4,Mullingar
2018,12,6.9,Mullingar
2019,1,5.2,Mullingar
2019,2,8.2,Mullingar
2019,3,7.0,Mullingar
2019,4,6.8,Mullingar
2019,5,4.9,Mullingar
2019,6,5.7,Mullingar
2019,7,5.3,Mullingar
2019,8,6.1,Mullingar
2019,9,5.4,Mullingar
2019,10,5.6,Mullingar
2019,11,5.3,Mullingar
2019,12,7.1,Mullingar
2020,1,7.2,Mullingar
2020,2,9.3,Mullingar
2020,3,7.2,Mullingar
2020,4,6.0,Mullingar
2020,5,6.0,Mullingar
2020,6,5.9,Mullingar
2020,7,5.7,Mullingar
2020,8,5.5,Mullingar
2020,9,5.7,Mullingar
2020,10,6.8,Mullingar
2020,11,6.8,Mullingar
2020,12,6.6,Mullingar
2021,1,5.4,Mullingar
2021,2,8.6,Mullingar
2021,3,6.8,Mullingar
2021,4,5.3,Mullingar
2021,5,6.0,Mullingar
2021,6,5.5,Mullingar
2021,7,4.1,Mullingar
2021,8,4.7,Mullingar
2021,9,4.7,Mullingar
2021,10,6.1,Mullingar
2021,11,5.5,Mullingar
2021,12,6.6,Mullingar
2022,1,5.6,Mullingar
2022,2,8.7,Mullingar
2022,3,6.0,Mullingar
2022,4,6.4,Mullingar
2022,5,6.3,Mullingar
2022,6,5.9,Mullingar
2022,7,4.9,Mullingar
2022,8,4.6,Mullingar
2022,9,4.8,Mullingar
2022,10,7.0,Mullingar
2022,11,7.5,Mullingar
2022,12,5.5,Mullingar
2023,1,6.5,Mullingar
2023,2,6.4,Mullingar
2023,3,6.7,Mullingar
2023,4,6.5,Mullingar
2023,5,5.0,Mullingar
2023,6,5.7,Mullingar
2023,7,5.8,Mullingar
2023,8,5.9,Mullingar
2023,9,5.6,Mullingar
2023,10,5.2,Mullingar
2023,11,5.6,Mullingar
2023,12,7.9,Mullingar
2024,1,6.4,Mullingar
2024,2,6.6,Mullingar
2024,3,7.2,Mullingar
2024,4,6.8,Mullingar
2024,5,5.2,Mullingar
2024,6,5.2,Mullingar
2024,7,5.0,Mullingar
2024,8,6.6,Mullingar
2024,9,5.5,Mullingar
2024,10,6.4,Mullingar
2024,11,5.3,Mullingar
2024,12,6.7,Mullingar
2025,1,6.0,Mullingar
2025,2,7.9,Mullingar
2025,3,5.9,Mullingar
2025,4,6.0,Mullingar
2025,5,5.1,Mullingar
2025,6,6.0,Mullingar
2025,7,5.3,Mullingar
2025,8,5.9,Mullingar
2025,9,6.2,Mullingar
2025,10,6.4,Mullingar
2025,11,6.6,Mullingar
2005,1,17.1,Roches_Point
2005,2,12.3,Roches_Point
2005,3,12.0,Roches_Point
2005,4,11.6,Roches_Point
2005,6,9.7,Roches_Point
2005,7,10.0,Roches_Point
2005,8,10.1,Roches_Point
2005,9,11.7,Roches_Point
2005,10,13.7,Roches_Point
2005,11,13.8,Roches_Point
2005,12,11.2,Roches_Point
2006,1,12.9,Roches_Point
2006,2,11.1,Roches_Point
2006,3,12.8,Roches_Point
2006,4,11.6,Roches_Point
2006,5,12.4,Roches_Point
2006,6,9.5,Roches_Point
2006,7,9.5,Roches_Point
2006,8,10.9,Roches_Point
2006,9,11.7,Roches_Point
2006,10,12.0,Roches_Point
2006,11,13.0,Roches_Point
2006,12,15.7,Roches_Point
2007,1,15.8,Roches_Point
2007,2,13.2,Roches_Point
2007,3,12.7,Roches_Point
2007,4,8.5,Roches_Point
2007,5,11.8,Roches_Point
2007,6,10.6,Roches_Point
2007,7,10.0,Roches_Point
2007,8,11.2,Roches_Point
2007,9,9.8,Roches_Point
2007,10,9.4,Roches_Point
2007,11,10.9,Roches_Point
2007,12,16.9,Roches_Point
2008,1,15.7,Roches_Point
2008,2,13.2,Roches_Point
2008,3,15.6,Roches_Point
2008,4,11.7,Roches_Point
2008,5,9.7,Roches_Point
2008,6,11.4,Roches_Point
2008,7,10.4,Roches_Point
2008,8,11.3,Roches_Point
2008,9,10.3,Roches_Point
2008,10,13.7,Roches_Point
2008,11,13.7,Roches_Point
2008,12,12.0,Roches_Point
2009,1,13.3,Roches_Point
2009,2,8.8,Roches_Point
2009,3,12.4,Roches_Point
2009,4,10.9,Roches_Point
2009,5,13.3,Roches_Point
2009,6,9.7,Roches_Point
2009,7,12.4,Roches_Point
2009,8,12.8,Roches_Point
2009,9,9.8,Roches_Point
2009,10,11.1,Roches_Point
2009,11,17.2,Roches_Point
2009,12,13.0,Roches_Point
2010,1,10.5,Roches_Point
2010,2,10.1,Roches_Point
2010,3,11.2,Roches_Point
2010,4,10.2,Roches_Point
2010,5,9.4,Roches_Point
2010,6,9.6,Roches_Point
2010,7,10.9,Roches_Point
2010,8,10.4,Roches_Point
2010,9,10.8,Roches_Point
2010,10,11.8,Roches_Point
2010,11,13.0,Roches_Point
2010,12,10.6,Roches_Point
2011,1,9.9,Roches_Point
2011,2,13.5,Roches_Point
2011,3,8.6,Roches_Point
2011,4,9.9,Roches_Point
2011,5,15.3,Roches_Point
2011,6,11.6,Roches_Point
2011,7,10.2,Roches_Point
2011,8,10.1,Roches_Point
2011,9,13.8,Roches_Point
2011,10,12.8,Roches_Point
2011,11,15.4,Roches_Point
2011,12,14.4,Roches_Point
2012,1,13.2,Roches_Point
2012,2,11.7,Roches_Point
2012,3,10.4,Roches_Point
2012,4,13.5,Roches_Point
2012,5,10.1,Roches_Point
2012,6,11.1,Roches_Point
2012,7,10.5,Roches_Point
2012,8,12.4,Roches_Point
2012,9,11.2,Roches_Point
2012,10,10.8,Roches_Point
2012,11,12.9,Roches_Point
2012,12,13.8,Roches_Point
2013,1,12.8,Roches_Point
2013,2,12.7,Roches_Point
2013,3,12.6,Roches_Point
2013,4,14.3,Roches_Point
2013,5,14.2,Roches_Point
2013,6,11.1,Roches_Point
2013,7,8.6,Roches_Point
2013,8,10.6,Roches_Point
2013,9,11.0,Roches_Point
2013,10,12.4,Roches_Point
2013,11,10.2,Roches_Point
2013,12,16.6,Roches_Point
2014,1,15.5,Roches_Point
2014,2,18.5,Roches_Point
2014,3,12.4,Roches_Point
2014,4,11.1,Roches_Point
2014,5,11.0,Roches_Point
2014,6,9.1,Roches_Point
2014,7,9.7,Roches_Point
2014,8,11.6,Roches_Point
2014,9,8.0,Roches_Point
2014,10,14.2,Roches_Point
2014,11,12.1,Roches_Point
2014,12,13.5,Roches_Point
2015,1,16.1,Roches_Point
2015,2,12.1,Roches_Point
2015,3,13.5,Roches_Point
2015,5,13.0,Roches_Point
2015,6,10.6,Roches_Point
2015,7,12.3,Roches_Point
2015,8,11.1,Roches_Point
2015,9,10.5,Roches_Point
2015,10,10.4,Roches_Point
2015,11,15.9,Roches_Point
2015,12,19.1,Roches_Point
2016,1,15.6,Roches_Point
2016,2,14.0,Roches_Point
2016,3,12.1,Roches_Point
2016,4,12.3,Roches_Point
2016,5,9.6,Roches_Point
2016,6,10.2,Roches_Point
2016,7,10.1,Roches_Point
2016,8,11.3,Roches_Point
2016,9,12.4,Roches_Point
2016,10,10.9,Roches_Point
2016,11,11.2,Roches_Point
2016,12,11.8,Roches_Point
2017,1,11.7,Roches_Point
2017,2,14.8,Roches_Point
2017,3,13.4,Roches_Point
2017,4,10.2,Roches_Point
2017,5,10.5,Roches_Point
2017,6,12.4,Roches_Point
2017,7,10.3,Roches_Point
2017,8,10.3,Roches_Point
2017,9,12.6,Roches_Point
2017,10,13.4,Roches_Point
2017,11,11.4,Roches_Point
2017,12,13.1,Roches_Point
2018,1,14.9,Roches_Point
2018,2,13.5,Roches_Point
2018,3,11.8,Roches_Point
2018,4,12.0,Roches_Point
2018,5,9.0,Roches_Point
2018,6,8.7,Roches_Point
2018,7,9.5,Roches_Point
2018,8,10.1,Roches_Point
2018,9,11.6,Roches_Point
2018,10,12.2,Roches_Point
2018,11,15.4,Roches_Point
2018,12,14.4,Roches_Point
2019,1,11.0,Roches_Point
2019,2,15.7,Roches_Point
2019,3,13.4,Roches_Point
2019,4,13.4,Roches_Point
2019,5,10.3,Roches_Point
2019,6,10.7,Roches_Point
2019,7,10.4,Roches_Point
2019,8,12.7,Roches_Point
2019,9,12.0,Roches_Point
2019,10,12.9,Roches_Point
2019,11,13.9,Roches_Point
2019,12,14.0,Roches_Point
2020,1,13.4,Roches_Point
2020,2,19.2,Roches_Point
2020,3,13.1,Roches_Point
2020,4,9.6,Roches_Point
2020,5,11.1,Roches_Point
2020,6,12.4,Roches_Point
2020,7,11.6,Roches_Point
2020,8,10.7,Roches_Point
2020,9,11.1,Roches_Point
2020,10,15.3,Roches_Point
2020,11,13.7,Roches_Point
2020,12,15.8,Roches_Point
2021,1,11.8,Roches_Point
2021,2,16.8,Roches_Point
2021,3,12.6,Roches_Point
2021,4,10.4,Roches_Point
2021,5,13.0,Roches_Point
2021,6,10.4,Roches_Point
2021,7,9.4,Roches_Point
2021,8,9.9,Roches_Point
2021,9,9.1,Roches_Point
2021,10,12.5,Roches_Point
2021,11,10.9,Roches_Point
2021,12,14.3,Roches_Point
2022,1,10.6,Roches_Point
2022,2,17.0,Roches_Point
2022,3,11.9,Roches_Point
2022,4,11.2,Roches_Point
2022,5,11.2,Roches_Point
2022,6,11.4,Roches_Point
2022,7,10.0,Roches_Point
2022,8,9.6,Roches_Point
2022,9,11.6,Roches_Point
2022,10,14.9,Roches_Point
2022,11,16.3,Roches_Point
2022,12,13.1,Roches_Point
2023,1,13.2,Roches_Point
2023,2,12.0,Roches_Point
2023,3,14.6,Roches_Point
2023,4,12.0,Roches_Point
2023,5,9.4,Roches_Point
2023,6,9.7,Roches_Point
2023,7,12.3,Roches_Point
2023,8,12.2,Roches_Point
2023,9,12.2,Roches_Point
2023,10,10.3,Roches_Point
2023,11,13.5,Roches_Point
2023,12,16.2,Roches_Point
2024,1,13.3,Roches_Point
2024,2,12.8,Roches_Point
2024,3,15.0,Roches_Point
2024,4,14.1,Roches_Point
2024,5,10.1,Roches_Point
2024,6,10.8,Roches_Point
2024,7,10.2,Roches_Point
2024,8,12.6,Roches_Point
2024,9,12.2,Roches_Point
2024,10,12.6,Roches_Point
2024,11,11.5,Roches_Point
2024,12,13.5,Roches_Point
2025,1,13.0,Roches_Point
2025,2,14.8,Roches_Point
2025,3,10.8,Roches_Point
2025,4,10.9,Roches_Point
2025,5,9.5,Roches_Point
2025,6,11.1,Roches_Point
2025,7,10.9,Roches_Point
2025,8,11.2,Roches_Point
2025,9,12.1,Roches_Point
2025,10,13.3,Roches_Point
2025,11,13.0,Roches_Point
2005,1,18.7,Sherkin_Island
2005,2,11.7,Sherkin_Island
2005,3,11.3,Sherkin_Island
2005,4,12.1,Sherkin_Island
2005,6,9.7,Sherkin_Island
2005,7,9.5,Sherkin_Island
2005,8,9.1,Sherkin_Island
2005,9,11.9,Sherkin_Island
2005,10,13.5,Sherkin_Island
2005,11,13.5,Sherkin_Island
2005,12,11.3,Sherkin_Island
2006,1,13.7,Sherkin_Island
2006,2,12.4,Sherkin_Island
2006,3,13.9,Sherkin_Island
2006,4,10.9,Sherkin_Island
2006,5,12.4,Sherkin_Island
2006,6,9.2,Sherkin_Island
2006,7,9.5,Sherkin_Island
2006,8,9.8,Sherkin_Island
2006,9,11.8,Sherkin_Island
2006,10,13.0,Sherkin_Island
2006,11,14.5,Sherkin_Island
2006,12,17.0,Sherkin_Island
2007,1,16.9,Sherkin_Island
2007,2,14.2,Sherkin_Island
2007,3,13.0,Sherkin_Island
2007,4,8.7,Sherkin_Island
2007,5,12.1,Sherkin_Island
2007,6,9.8,Sherkin_Island
2007,7,11.0,Sherkin_Island
2007,8,9.2,Sherkin_Island
2007,9,9.1,Sherkin_Island
2007,10,9.9,Sherkin_Island
2007,11,10.2,Sherkin_Island
2007,12,18.5,Sherkin_Island
2008,1,18.1,Sherkin_Island
2008,2,14.1,Sherkin_Island
2008,3,7.8,Sherkin_Island
2008,4,11.8,Sherkin_Island
2008,5,10.3,Sherkin_Island
2008,6,11.3,Sherkin_Island
2008,7,10.4,Sherkin_Island
2008,8,11.5,Sherkin_Island
2008,9,10.6,Sherkin_Island
2008,10,13.7,Sherkin_Island
2008,12,13.1,Sherkin_Island
2009,1,15.0,Sherkin_Island
2009,2,9.1,Sherkin_Island
2009,3,13.2,Sherkin_Island
2009,4,11.6,Sherkin_Island
2009,5,13.5,Sherkin_Island
2009,6,10.6,Sherkin_Island
2009,7,11.5,Sherkin_Island
2009,8,11.5,Sherkin_Island
2009,9,9.1,Sherkin_Island
2009,10,11.0,Sherkin_Island
2009,11,18.3,Sherkin_Island
2009,12,14.1,Sherkin_Island
2010,1,9.8,Sherkin_Island
2010,2,10.0,Sherkin_Island
2010,3,10.9,Sherkin_Island
2010,4,10.0,Sherkin_Island
2010,5,9.2,Sherkin_Island
2010,6,8.5,Sherkin_Island
2010,7,10.6,Sherkin_Island
2010,8,9.1,Sherkin_Island
2010,9,11.4,Sherkin_Island
2010,10,12.5,Sherkin_Island
2010,11,13.8,Sherkin_Island
2010,12,10.4,Sherkin_Island
2011,1,10.4,Sherkin_Island
2011,2,13.5,Sherkin_Island
2011,3,9.1,Sherkin_Island
2011,4,9.9,Sherkin_Island
2011,5,16.1,Sherkin_Island
2011,6,11.6,Sherkin_Island
2011,7,9.3,Sherkin_Island
2011,8,9.7,Sherkin_Island
2011,9,14.9,Sherkin_Island
2011,10,12.6,Sherkin_Island
2011,11,15.4,Sherkin_Island
2011,12,18.4,Sherkin_Island
2012,1,16.3,Sherkin_Island
2012,2,11.2,Sherkin_Island
2012,3,10.5,Sherkin_Island
2012,4,14.1,Sherkin_Island
2012,5,11.0,Sherkin_Island
2012,6,11.0,Sherkin_Island
2012,7,9.8,Sherkin_Island
2012,8,11.9,Sherkin_Island
2012,9,10.6,Sherkin_Island
2012,10,12.2,Sherkin_Island
2012,11,13.1,Sherkin_Island
2012,12,15.3,Sherkin_Island
2013,1,13.3,Sherkin_Island
2013,2,13.8,Sherkin_Island
2013,3,14.7,Sherkin_Island
2013,4,14.5,Sherkin_Island
2013,5,12.9,Sherkin_Island
2013,6,11.6,Sherkin_Island
2013,7,8.7,Sherkin_Island
2013,8,9.8,Sherkin_Island
2013,9,10.4,Sherkin_Island
2013,10,13.3,Sherkin_Island
2013,11,10.1,Sherkin_Island
2013,12,17.9,Sherkin_Island
2014,1,17.0,Sherkin_Island
2014,2,20.9,Sherkin_Island
2014,3,12.8,Sherkin_Island
2014,4,11.5,Sherkin_Island
2014,5,10.8,Sherkin_Island
2014,6,8.9,Sherkin_Island
2014,7,8.5,Sherkin_Island
2014,8,10.8,Sherkin_Island
2014,9,11.2,Sherkin_Island
2014,10,14.5,Sherkin_Island
2014,11,12.4,Sherkin_Island
2014,12,15.4,Sherkin_Island
2015,1,17.1,Sherkin_Island
2015,2,12.5,Sherkin_Island
2015,3,13.5,Sherkin_Island
2015,4,11.4,Sherkin_Island
2015,5,13.5,Sherkin_Island
2015,6,10.4,Sherkin_Island
2015,7,11.8,Sherkin_Island
2015,8,10.2,Sherkin_Island
2015,9,10.7,Sherkin_Island
2015,10,11.4,Sherkin_Island
2015,11,17.3,Sherkin_Island
2015,12,19.8,Sherkin_Island
2016,1,16.7,Sherkin_Island
2016,2,16.7,Sherkin_Island
2016,3,12.4,Sherkin_Island
2016,4,11.7,Sherkin_Island
2016,5,9.9,Sherkin_Island
2016,6,10.1,Sherkin_Island
2016,7,9.9,Sherkin_Island
2016,8,11.3,Sherkin_Island
2016,9,12.4,Sherkin_Island
2016,10,11.9,Sherkin_Island
2016,11,12.4,Sherkin_Island
2016,12,13.0,Sherkin_Island
2017,1,12.3,Sherkin_Island
2017,2,16.5,Sherkin_Island
2017,3,14.6,Sherkin_Island
2017,4,9.1,Sherkin_Island
2017,5,11.2,Sherkin_Island
2017,6,12.1,Sherkin_Island
2017,7,10.4,Sherkin_Island
2017,8,10.2,Sherkin_Island
2017,9,12.5,Sherkin_Island
2017,10,13.2,Sherkin_Island
2017,11,11.6,Sherkin_Island
2017,12,13.5,Sherkin_Island
2018,1,17.6,Sherkin_Island
2018,2,14.3,Sherkin_Island
2018,3,12.3,Sherkin_Island
2018,4,12.2,Sherkin_Island
2018,5,9.4,Sherkin_Island
2018,6,8.7,Sherkin_Island
2018,7,8.5,Sherkin_Island
2018,8,10.4,Sherkin_Island
2018,9,11.3,Sherkin_Island
2018,10,10.9,Sherkin_Island
2018,11,16.5,Sherkin_Island
2018,12,15.5,Sherkin_Island
2019,1,11.6,Sherkin_Island
2019,2,16.5,Sherkin_Island
2019,3,14.4,Sherkin_Island
2019,4,12.9,Sherkin_Island
2019,5,10.0,Sherkin_Island
2019,6,10.7,Sherkin_Island
2019,7,9.0,Sherkin_Island
2019,8,12.2,Sherkin_Island
2019,9,12.1,Sherkin_Island
2019,10,13.5,Sherkin_Island
2019,11,14.0,Sherkin_Island
2019,12,15.7,Sherkin_Island
2020,1,14.7,Sherkin_Island
2020,2,21.5,Sherkin_Island
2020,3,14.8,Sherkin_Island
2020,4,9.9,Sherkin_Island
2020,5,12.1,Sherkin_Island
2020,6,11.6,Sherkin_Island
2020,7,11.7,Sherkin_Island
2020,8,10.3,Sherkin_Island
2020,9,10.8,Sherkin_Island
2020,10,15.3,Sherkin_Island
2020,11,14.4,Sherkin_Island
2020,12,15.2,Sherkin_Island
2021,1,11.9,Sherkin_Island
2021,2,17.2,Sherkin_Island
2021,3,12.9,Sherkin_Island
2021,4,10.9,Sherkin_Island
2021,5,12.4,Sherkin_Island
2021,6,9.7,Sherkin_Island
2021,7,9.1,Sherkin_Island
2021,8,9.7,Sherkin_Island
2021,9,10.3,Sherkin_Island
2021,10,12.1,Sherkin_Island
2021,11,10.5,Sherkin_Island
2021,12,14.9,Sherkin_Island
2022,1,11.6,Sherkin_Island
2022,2,18.7,Sherkin_Island
2022,3,11.6,Sherkin_Island
2022,4,11.5,Sherkin_Island
2022,5,11.3,Sherkin_Island
2022,6,11.2,Sherkin_Island
2022,7,9.0,Sherkin_Island
2022,8,9.2,Sherkin_Island
2022,9,10.4,Sherkin_Island
2022,10,14.6,Sherkin_Island
2022,11,17.3,Sherkin_Island
2022,12,13.9,Sherkin_Island
2023,1,14.0,Sherkin_Island
2023,2,12.6,Sherkin_Island
2023,3,14.7,Sherkin_Island
2023,4,12.3,Sherkin_Island
2023,5,9.0,Sherkin_Island
2023,6,10.4,Sherkin_Island
2023,7,11.9,Sherkin_Island
2023,8,11.1,Sherkin_Island
2023,9,12.3,Sherkin_Island
2023,10,10.7,Sherkin_Island
2023,11,15.2,Sherkin_Island
2023,12,17.0,Sherkin_Island
2024,1,14.3,Sherkin_Island
2024,2,14.4,Sherkin_Island
2024,3,15.0,Sherkin_Island
2024,4,12.6,Sherkin_Island
2024,5,8.8,Sherkin_Island
2024,6,10.1,Sherkin_Island
2024,7,9.6,Sherkin_Island
2024,8,12.3,Sherkin_Island
2024,9,10.4,Sherkin_Island
2024,10,12.6,Sherkin_Island
2024,11,11.8,Sherkin_Island
2024,12,14.2,Sherkin_Island
2025,1,12.9,Sherkin_Island
2025,2,15.3,Sherkin_Island
2025,3,11.3,Sherkin_Island
2025,4,11.5,Sherkin_Island
2025,5,9.8,Sherkin_Island
2025,6,10.9,Sherkin_Island
2025,7,10.1,Sherkin_Island
2025,8,11.6,Sherkin_Island
2025,9,12.9,Sherkin_Island
2025,10,14.0,Sherkin_Island
2025,11,12.9,Sherkin_Island
2005,1,14.5,Valentia_Observatory
2005,2,8.5,Valentia_Observatory
2005,3,8.7,Valentia_Observatory
2005,4,9.5,Valentia_Observatory
2005,5,9.2,Valentia_Observatory
2005,6,7.9,Valentia_Observatory
2005,7,6.8,Valentia_Observatory
2005,8,7.1,Valentia_Observatory
2005,9,9.1,Valentia_Observatory
2005,10,10.3,Valentia_Observatory
2005,11,10.4,Valentia_Observatory
2005,12,9.6,Valentia_Observatory
2006,1,9.6,Valentia_Observatory
2006,2,9.0,Valentia_Observatory
2006,3,9.8,Valentia_Observatory
2006,4,8.5,Valentia_Observatory
2006,5,9.7,Valentia_Observatory
2006,6,7.5,Valentia_Observatory
2006,7,7.4,Valentia_Observatory
2006,8,7.4,Valentia_Observatory
2006,9,8.8,Valentia_Observatory
2006,10,9.5,Valentia_Observatory
2006,11,10.2,Valentia_Observatory
2006,12,12.6,Valentia_Observatory
2007,1,12.6,Valentia_Observatory
2007,2,9.8,Valentia_Observatory
2007,3,9.5,Valentia_Observatory
2007,4,5.3,Valentia_Observatory
2007,5,8.1,Valentia_Observatory
2007,6,6.3,Valentia_Observatory
2007,7,7.9,Valentia_Observatory
2007,8,7.1,Valentia_Observatory
2007,9,6.2,Valentia_Observatory
2007,10,6.4,Valentia_Observatory
2007,11,7.3,Valentia_Observatory
2007,12,14.4,Valentia_Observatory
2008,1,14.0,Valentia_Observatory
2008,2,9.7,Valentia_Observatory
2008,3,13.6,Valentia_Observatory
2008,4,9.0,Valentia_Observatory
2008,5,7.2,Valentia_Observatory
2008,6,8.8,Valentia_Observatory
2008,7,7.7,Valentia_Observatory
2008,8,8.8,Valentia_Observatory
2008,9,8.2,Valentia_Observatory
2008,10,10.6,Valentia_Observatory
2008,11,10.4,Valentia_Observatory
2008,12,9.9,Valentia_Observatory
2009,1,11.2,Valentia_Observatory
2009,2,6.3,Valentia_Observatory
2009,3,10.2,Valentia_Observatory
2009,4,8.8,Valentia_Observatory
2009,5,10.0,Valentia_Observatory
2009,6,7.2,Valentia_Observatory
2009,7,8.9,Valentia_Observatory
2009,8,9.3,Valentia_Observatory
2009,9,6.5,Valentia_Observatory
2009,10,7.7,Valentia_Observatory
2009,11,13.8,Valentia_Observatory
2009,12,9.6,Valentia_Observatory
2010,1,7.2,Valentia_Observatory
2010,2,6.0,Valentia_Observatory
2010,3,7.8,Valentia_Observatory
2010,4,7.2,Valentia_Observatory
2010,5,7.1,Valentia_Observatory
2010,6,7.2,Valentia_Observatory
2010,7,8.1,Valentia_Observatory
2010,8,7.4,Valentia_Observatory
2010,9,8.8,Valentia_Observatory
2010,10,8.4,Valentia_Observatory
2010,11,10.1,Valentia_Observatory
2010,12,6.3,Valentia_Observatory
2011,1,6.8,Valentia_Observatory
2011,2,10.1,Valentia_Observatory
2011,3,6.2,Valentia_Observatory
2011,4,7.0,Valentia_Observatory
2011,5,13.0,Valentia_Observatory
2011,6,9.3,Valentia_Observatory
2011,7,7.6,Valentia_Observatory
2011,8,7.2,Valentia_Observatory
2011,9,12.5,Valentia_Observatory
2011,10,10.0,Valentia_Observatory
2011,11,11.9,Valentia_Observatory
2011,12,14.6,Valentia_Observatory
2012,2,8.6,Valentia_Observatory
2012,3,8.4,Valentia_Observatory
2012,4,11.2,Valentia_Observatory
2012,5,8.0,Valentia_Observatory
2012,6,8.2,Valentia_Observatory
2012,7,8.0,Valentia_Observatory
2012,8,9.0,Valentia_Observatory
2012,9,8.3,Valentia_Observatory
2012,10,8.1,Valentia_Observatory
2012,11,9.9,Valentia_Observatory
2012,12,11.8,Valentia_Observatory
2013,1,10.2,Valentia_Observatory
2013,2,10.7,Valentia_Observatory
2013,3,10.1,Valentia_Observatory
2013,4,10.4,Valentia_Observatory
2013,5,10.9,Valentia_Observatory
2013,6,7.8,Valentia_Observatory
2013,7,5.9,Valentia_Observatory
2013,8,8.1,Valentia_Observatory
2013,9,7.8,Valentia_Observatory
2013,10,8.8,Valentia_Observatory
2013,11,8.3,Valentia_Observatory
2013,12,13.4,Valentia_Observatory
2014,1,13.0,Valentia_Observatory
2014,2,15.4,Valentia_Observatory
2014,3,9.3,Valentia_Observatory
2014,4,8.9,Valentia_Observatory
2014,5,9.1,Valentia_Observatory
2014,6,7.0,Valentia_Observatory
2014,7,7.0,Valentia_Observatory
2014,8,8.5,Valentia_Observatory
2014,9,5.7,Valentia_Observatory
2014,10,10.2,Valentia_Observatory
2014,11,8.4,Valentia_Observatory
2014,12,12.3,Valentia_Observatory
2015,1,14.0,Valentia_Observatory
2015,2,10.1,Valentia_Observatory
2015,3,11.4,Valentia_Observatory
2015,4,8.0,Valentia_Observatory
2015,5,10.3,Valentia_Observatory
2015,6,8.5,Valentia_Observatory
2015,7,9.9,Valentia_Observatory
2015,8,8.2,Valentia_Observatory
2015,9,8.1,Valentia_Observatory
2015,10,7.5,Valentia_Observatory
2015,11,13.6,Valentia_Observatory
2015,12,14.8,Valentia_Observatory
2016,1,12.4,Valentia_Observatory
2016,2,12.2,Valentia_Observatory
2016,3,9.6,Valentia_Observatory
2016,4,8.3,Valentia_Observatory
2016,5,7.4,Valentia_Observatory
2016,6,8.2,Valentia_Observatory
2016,7,8.2,Valentia_Observatory
2016,8,9.2,Valentia_Observatory
2016,9,9.0,Valentia_Observatory
2016,10,7.9,Valentia_Observatory
2016,11,8.1,Valentia_Observatory
2016,12,9.7,Valentia_Observatory
2017,1,8.7,Valentia_Observatory
2017,2,11.5,Valentia_Observatory
2017,3,10.9,Valentia_Observatory
2017,4,7.1,Valentia_Observatory
2017,5,7.8,Valentia_Observatory
2017,6,10.0,Valentia_Observatory
2017,7,7.9,Valentia_Observatory
2017,8,8.5,Valentia_Observatory
2017,9,9.5,Valentia_Observatory
2017,10,10.3,Valentia_Observatory
2017,11,9.2,Valentia_Observatory
2017,12,11.0,Valentia_Observatory
2018,1,13.7,Valentia_Observatory
2018,3,8.7,Valentia_Observatory
2018,4,9.5,Valentia_Observatory
2018,5,7.9,Valentia_Observatory
2018,6,6.8,Valentia_Observatory
2018,7,6.9,Valentia_Observatory
2018,8,8.4,Valentia_Observatory
2018,9,8.9,Valentia_Observatory
2018,10,8.6,Valentia_Observatory
2018,11,11.1,Valentia_Observatory
2018,12,11.4,Valentia_Observatory
2019,1,9.2,Valentia_Observatory
2019,2,12.9,Valentia_Observatory
2019,3,11.4,Valentia_Observatory
2019,4,10.3,Valentia_Observatory
2019,5,8.2,Valentia_Observatory
2019,6,8.6,Valentia_Observatory
2019,7,7.8,Valentia_Observatory
2019,8,10.1,Valentia_Observatory
2019,9,9.2,Valentia_Observatory
2019,10,9.7,Valentia_Observatory
2019,11,10.0,Valentia_Observatory
2019,12,12.0,Valentia_Observatory
2020,1,11.1,Valentia_Observatory
2020,2,17.2,Valentia_Observatory
2020,3,11.3,Valentia_Observatory
2020,4,6.4,Valentia_Observatory
2020,5,8.8,Valentia_Observatory
2020,6,9.0,Valentia_Observatory
2020,7,9.3,Valentia_Observatory
2020,8,8.0,Valentia_Observatory
2020,9,8.1,Valentia_Observatory
2020,10,11.6,Valentia_Observatory
2020,11,10.3,Valentia_Observatory
2020,12,11.9,Valentia_Observatory
2021,1,8.3,Valentia_Observatory
2021,2,12.5,Valentia_Observatory
2021,3,10.2,Valentia_Observatory
2021,4,7.6,Valentia_Observatory
2021,5,9.2,Valentia_Observatory
2021,6,7.6,Valentia_Observatory
2021,7,6.3,Valentia_Observatory
2021,8,7.1,Valentia_Observatory
2021,9,6.9,Valentia_Observatory
2021,10,9.2,Valentia_Observatory
2021,11,8.6,Valentia_Observatory
2021,12,11.0,Valentia_Observatory
2022,1,9.0,Valentia_Observatory
2022,2,14.4,Valentia_Observatory
2022,3,8.4,Valentia_Observatory
2022,4,8.5,Valentia_Observatory
2022,5,9.2,Valentia_Observatory
2022,6,9.2,Valentia_Observatory
2022,7,7.0,Valentia_Observatory
2022,8,6.3,Valentia_Observatory
2022,9,7.7,Valentia_Observatory
2022,10,10.8,Valentia_Observatory
2022,11,13.0,Valentia_Observatory
2022,12,9.2,Valentia_Observatory
2023,1,10.3,Valentia_Observatory
2023,2,9.5,Valentia_Observatory
2023,3,10.7,Valentia_Observatory
2023,4,9.4,Valentia_Observatory
2023,5,7.2,Valentia_Observatory
2023,6,7.2,Valentia_Observatory
2023,7,9.9,Valentia_Observatory
2023,8,8.8,Valentia_Observatory
2023,9,8.8,Valentia_Observatory
2023,10,8.0,Valentia_Observatory
2023,11,11.3,Valentia_Observatory
2023,12,13.2,Valentia_Observatory
2024,1,9.6,Valentia_Observatory
2024,2,11.0,Valentia_Observatory
2024,3,10.7,Valentia_Observatory
2024,4,9.9,Valentia_Observatory
2024,5,7.0,Valentia_Observatory
2024,6,8.4,Valentia_Observatory
2024,7,7.5,Valentia_Observatory
2024,8,10.1,Valentia_Observatory
2024,9,7.7,Valentia_Observatory
2024,10,8.8,Valentia_Observatory
2024,11,8.7,Valentia_Observatory
2024,12,10.6,Valentia_Observatory
2025,1,10.0,Valentia_Observatory
2025,2,11.7,Valentia_Observatory
2025,3,8.3,Valentia_Observatory
2025,4,7.9,Valentia_Observatory
2025,5,7.7,Valentia_Observatory
2025,6,8.9,Valentia_Observatory
2025,7,7.7,Valentia_Observatory
2025,8,8.2,Valentia_Observatory
2025,9,10.2,Valentia_Observatory
2025,10,10.3,Valentia_Observatory
2025,11,9.2,Valentia_Observatory
